2024/04/16 00:50,01F0017N,01F0005N,31,47,16
2024/04/16 00:50,01F0017N,01F0005N,32,45,12
2024/04/16 00:50,01F0017N,01F0005N,41,0,0
2024/04/16 00:50,01F0017N,01F0005N,42,0,0
2024/04/16 00:50,01F0017N,01F0005N,5,0,0
2024/04/16 00:50,01F0029N,01F0017N,31,48,23
2024/04/16 00:50,01F0029N,01F0017N,32,47,15
2024/04/16 00:50,01F0029N,01F0017N,41,0,0
2024/04/16 00:50,01F0029N,01F0017N,42,0,0
2024/04/16 00:50,01F0029N,01F0017N,5,0,0
2024/04/16 00:50,01F0005S,01F0017S,31,47,21
2024/04/16 00:50,01F0005S,01F0017S,32,48,4
2024/04/16 00:50,01F0005S,01F0017S,41,0,0
2024/04/16 00:50,01F0005S,01F0017S,42,0,0
2024/04/16 00:50,01F0005S,01F0017S,5,0,0
2024/04/16 00:50,01F0061N,01F0029N,31,122,27
2024/04/16 00:50,01F0061N,01F0029N,32,122,15
2024/04/16 00:50,01F0061N,01F0029N,41,0,0
2024/04/16 00:50,01F0061N,01F0029N,42,127,1
2024/04/16 00:50,01F0061N,01F0029N,5,0,0
2024/04/16 00:50,01F0017S,01F0029S,31,45,22
2024/04/16 00:50,01F0017S,01F0029S,32,48,7
2024/04/16 00:50,01F0017S,01F0029S,41,0,0
2024/04/16 00:50,01F0017S,01F0029S,42,0,0
2024/04/16 00:50,01F0017S,01F0029S,5,0,0
2024/04/16 00:50,01F0099N,01F0061N,31,143,31
2024/04/16 00:50,01F0099N,01F0061N,32,136,19
2024/04/16 00:50,01F0099N,01F0061N,41,0,0
2024/04/16 00:50,01F0099N,01F0061N,42,475,2
2024/04/16 00:50,01F0099N,01F0061N,5,0,0
2024/04/16 00:50,01F0029S,01F0061S,31,115,29
2024/04/16 00:50,01F0029S,01F0061S,32,128,7
2024/04/16 00:50,01F0029S,01F0061S,41,0,0
2024/04/16 00:50,01F0029S,01F0061S,42,0,0
2024/04/16 00:50,01F0029S,01F0061S,5,124,1
2024/04/16 00:50,01F0147N,01F0099N,31,177,21
2024/04/16 00:50,01F0147N,01F0099N,32,197,8
2024/04/16 00:50,01F0147N,01F0099N,41,0,0
2024/04/16 00:50,01F0147N,01F0099N,42,211,2
2024/04/16 00:50,01F0147N,01F0099N,5,213,2
2024/04/16 00:50,01H0174N,01F0099N,31,266,8
2024/04/16 00:50,01H0174N,01F0099N,32,263,6
2024/04/16 00:50,01H0174N,01F0099N,41,0,0
2024/04/16 00:50,01H0174N,01F0099N,42,0,0
2024/04/16 00:50,01H0174N,01F0099N,5,0,0
2024/04/16 00:50,03F0087S,01F0099N,31,214,1
2024/04/16 00:50,03F0087S,01F0099N,32,0,0
2024/04/16 00:50,03F0087S,01F0099N,41,0,0
2024/04/16 00:50,03F0087S,01F0099N,42,0,0
2024/04/16 00:50,03F0087S,01F0099N,5,0,0
2024/04/16 00:50,03F0116N,01F0099N,31,85,3
2024/04/16 00:50,03F0116N,01F0099N,32,87,2
2024/04/16 00:50,03F0116N,01F0099N,41,0,0
2024/04/16 00:50,03F0116N,01F0099N,42,0,0
2024/04/16 00:50,03F0116N,01F0099N,5,0,0
2024/04/16 00:50,01F0061S,01F0099S,31,138,28
2024/04/16 00:50,01F0061S,01F0099S,32,141,12
2024/04/16 00:50,01F0061S,01F0099S,41,143,1
2024/04/16 00:50,01F0061S,01F0099S,42,209,3
2024/04/16 00:50,01F0061S,01F0099S,5,176,3
2024/04/16 00:50,01F0155N,01F0147N,31,30,39
2024/04/16 00:50,01F0155N,01F0147N,32,30,7
2024/04/16 00:50,01F0155N,01F0147N,41,0,0
2024/04/16 00:50,01F0155N,01F0147N,42,29,2
2024/04/16 00:50,01F0155N,01F0147N,5,31,6
2024/04/16 00:50,01F0099S,01F0147S,31,177,13
2024/04/16 00:50,01F0099S,01F0147S,32,187,5
2024/04/16 00:50,01F0099S,01F0147S,41,0,0
2024/04/16 00:50,01F0099S,01F0147S,42,181,4
2024/04/16 00:50,01F0099S,01F0147S,5,220,1
2024/04/16 00:50,03F0087S,01F0147S,31,0,0
2024/04/16 00:50,03F0087S,01F0147S,32,0,0
2024/04/16 00:50,03F0087S,01F0147S,41,0,0
2024/04/16 00:50,03F0087S,01F0147S,42,0,0
2024/04/16 00:50,03F0087S,01F0147S,5,0,0
2024/04/16 00:50,03F0116N,01F0147S,31,187,3
2024/04/16 00:50,03F0116N,01F0147S,32,228,2
2024/04/16 00:50,03F0116N,01F0147S,41,0,0
2024/04/16 00:50,03F0116N,01F0147S,42,219,1
2024/04/16 00:50,03F0116N,01F0147S,5,0,0
2024/04/16 00:50,01F0213N,01F0155N,31,210,23
2024/04/16 00:50,01F0213N,01F0155N,32,201,5
2024/04/16 00:50,01F0213N,01F0155N,41,0,0
2024/04/16 00:50,01F0213N,01F0155N,42,217,4
2024/04/16 00:50,01F0213N,01F0155N,5,225,5
2024/04/16 00:50,01F0147S,01F0155S,31,27,21
2024/04/16 00:50,01F0147S,01F0155S,32,29,10
2024/04/16 00:50,01F0147S,01F0155S,41,0,0
2024/04/16 00:50,01F0147S,01F0155S,42,28,6
2024/04/16 00:50,01F0147S,01F0155S,5,33,1
2024/04/16 00:50,01F0155S,01F0182S,31,97,19
2024/04/16 00:50,01F0155S,01F0182S,32,100,14
2024/04/16 00:50,01F0155S,01F0182S,41,0,0
2024/04/16 00:50,01F0155S,01F0182S,42,99,3
2024/04/16 00:50,01F0155S,01F0182S,5,116,2
2024/04/16 00:50,01F0233N,01F0213N,31,74,26
2024/04/16 00:50,01F0233N,01F0213N,32,78,5
2024/04/16 00:50,01F0233N,01F0213N,41,0,0
2024/04/16 00:50,01F0233N,01F0213N,42,80,6
2024/04/16 00:50,01F0233N,01F0213N,5,83,3
2024/04/16 00:50,01F0256N,01F0233N,31,87,40
2024/04/16 00:50,01F0256N,01F0233N,32,84,10
2024/04/16 00:50,01F0256N,01F0233N,41,0,0
2024/04/16 00:50,01F0256N,01F0233N,42,89,6
2024/04/16 00:50,01F0256N,01F0233N,5,93,3
2024/04/16 00:50,01F0182S,01F0248S,31,242,25
2024/04/16 00:50,01F0182S,01F0248S,32,231,11
2024/04/16 00:50,01F0182S,01F0248S,41,0,0
2024/04/16 00:50,01F0182S,01F0248S,42,273,5
2024/04/16 00:50,01F0182S,01F0248S,5,291,4
2024/04/16 00:50,01F0293N,01F0256N,31,128,36
2024/04/16 00:50,01F0293N,01F0256N,32,129,8
2024/04/16 00:50,01F0293N,01F0256N,41,142,1
2024/04/16 00:50,01F0293N,01F0256N,42,143,7
2024/04/16 00:50,01F0293N,01F0256N,5,157,4
2024/04/16 00:50,01F0248S,01F0264S,31,56,38
2024/04/16 00:50,01F0248S,01F0264S,32,57,14
2024/04/16 00:50,01F0248S,01F0264S,41,57,1
2024/04/16 00:50,01F0248S,01F0264S,42,67,3
2024/04/16 00:50,01F0248S,01F0264S,5,65,6
2024/04/16 00:50,01F0340N,01F0293N,31,164,37
2024/04/16 00:50,01F0340N,01F0293N,32,174,6
2024/04/16 00:50,01F0340N,01F0293N,41,180,1
2024/04/16 00:50,01F0340N,01F0293N,42,179,6
2024/04/16 00:50,01F0340N,01F0293N,5,166,5
2024/04/16 00:50,01F0264S,01F0293S,31,104,35
2024/04/16 00:50,01F0264S,01F0293S,32,104,10
2024/04/16 00:50,01F0264S,01F0293S,41,111,2
2024/04/16 00:50,01F0264S,01F0293S,42,113,3
2024/04/16 00:50,01F0264S,01F0293S,5,120,3
2024/04/16 00:50,01F0293S,01F0339S,31,164,42
2024/04/16 00:50,01F0293S,01F0339S,32,170,12
2024/04/16 00:50,01F0293S,01F0339S,41,171,3
2024/04/16 00:50,01F0293S,01F0339S,42,184,9
2024/04/16 00:50,01F0293S,01F0339S,5,176,2
2024/04/16 00:50,01H0305S,01F0339S,31,117,11
2024/04/16 00:50,01H0305S,01F0339S,32,132,2
2024/04/16 00:50,01H0305S,01F0339S,41,0,0
2024/04/16 00:50,01H0305S,01F0339S,42,0,0
2024/04/16 00:50,01H0305S,01F0339S,5,0,0
2024/04/16 00:50,01F0376N,01F0340N,31,132,59
2024/04/16 00:50,01F0376N,01F0340N,32,131,21
2024/04/16 00:50,01F0376N,01F0340N,41,131,3
2024/04/16 00:50,01F0376N,01F0340N,42,139,12
2024/04/16 00:50,01F0376N,01F0340N,5,143,13
2024/04/16 00:50,01H0447N,01F0340N,31,389,17
2024/04/16 00:50,01H0447N,01F0340N,32,413,4
2024/04/16 00:50,01H0447N,01F0340N,41,421,1
2024/04/16 00:50,01H0447N,01F0340N,42,0,0
2024/04/16 00:50,01H0447N,01F0340N,5,0,0
2024/04/16 00:50,01F0413N,01F0376N,31,127,32
2024/04/16 00:50,01F0413N,01F0376N,32,140,11
2024/04/16 00:50,01F0413N,01F0376N,41,134,5
2024/04/16 00:50,01F0413N,01F0376N,42,142,10
2024/04/16 00:50,01F0413N,01F0376N,5,135,4
2024/04/16 00:50,01F0339S,01F0376S,31,133,68
2024/04/16 00:50,01F0339S,01F0376S,32,137,18
2024/04/16 00:50,01F0339S,01F0376S,41,137,1
2024/04/16 00:50,01F0339S,01F0376S,42,148,20
2024/04/16 00:50,01F0339S,01F0376S,5,159,9
2024/04/16 00:50,01F0467N,01F0413N,31,206,34
2024/04/16 00:50,01F0467N,01F0413N,32,228,8
2024/04/16 00:50,01F0467N,01F0413N,41,219,5
2024/04/16 00:50,01F0467N,01F0413N,42,237,11
2024/04/16 00:50,01F0467N,01F0413N,5,270,8
2024/04/16 00:50,01F0376S,01F0413S,31,139,24
2024/04/16 00:50,01F0376S,01F0413S,32,134,8
2024/04/16 00:50,01F0376S,01F0413S,41,0,0
2024/04/16 00:50,01F0376S,01F0413S,42,167,13
2024/04/16 00:50,01F0376S,01F0413S,5,199,9
2024/04/16 00:50,01F0492N,01F0467N,31,87,33
2024/04/16 00:50,01F0492N,01F0467N,32,90,8
2024/04/16 00:50,01F0492N,01F0467N,41,0,0
2024/04/16 00:50,01F0492N,01F0467N,42,92,10
2024/04/16 00:50,01F0492N,01F0467N,5,95,7
2024/04/16 00:50,01F0413S,01F0467S,31,207,31
2024/04/16 00:50,01F0413S,01F0467S,32,207,4
2024/04/16 00:50,01F0413S,01F0467S,41,0,0
2024/04/16 00:50,01F0413S,01F0467S,42,231,6
2024/04/16 00:50,01F0413S,01F0467S,5,229,3
2024/04/16 00:50,01F0511N,01F0492N,31,63,34
2024/04/16 00:50,01F0511N,01F0492N,32,66,9
2024/04/16 00:50,01F0511N,01F0492N,41,0,0
2024/04/16 00:50,01F0511N,01F0492N,42,69,7
2024/04/16 00:50,01F0511N,01F0492N,5,68,5
2024/04/16 00:50,01F0467S,01F0492S,31,86,25
2024/04/16 00:50,01F0467S,01F0492S,32,91,6
2024/04/16 00:50,01F0467S,01F0492S,41,0,0
2024/04/16 00:50,01F0467S,01F0492S,42,92,14
2024/04/16 00:50,01F0467S,01F0492S,5,98,9
2024/04/16 00:50,01F0532N,01F0511N,31,74,30
2024/04/16 00:50,01F0532N,01F0511N,32,79,8
2024/04/16 00:50,01F0532N,01F0511N,41,0,0
2024/04/16 00:50,01F0532N,01F0511N,42,78,4
2024/04/16 00:50,01F0532N,01F0511N,5,81,9
2024/04/16 00:50,03F0525S,01F0511N,31,1679,2
2024/04/16 00:50,03F0525S,01F0511N,32,540,1
2024/04/16 00:50,03F0525S,01F0511N,41,0,0
2024/04/16 00:50,03F0525S,01F0511N,42,0,0
2024/04/16 00:50,03F0525S,01F0511N,5,0,0
2024/04/16 00:50,03F0559N,01F0511N,31,439,1
2024/04/16 00:50,03F0559N,01F0511N,32,0,0
2024/04/16 00:50,03F0559N,01F0511N,41,0,0
2024/04/16 00:50,03F0559N,01F0511N,42,0,0
2024/04/16 00:50,03F0559N,01F0511N,5,0,0
2024/04/16 00:50,01F0492S,01F0511S,31,64,25
2024/04/16 00:50,01F0492S,01F0511S,32,68,7
2024/04/16 00:50,01F0492S,01F0511S,41,0,0
2024/04/16 00:50,01F0492S,01F0511S,42,72,16
2024/04/16 00:50,01F0492S,01F0511S,5,71,5
2024/04/16 00:50,01F0532S,01F0532N,31,1589,6
2024/04/16 00:50,01F0532S,01F0532N,32,0,0
2024/04/16 00:50,01F0532S,01F0532N,41,0,0
2024/04/16 00:50,01F0532S,01F0532N,42,0,0
2024/04/16 00:50,01F0532S,01F0532N,5,0,0
2024/04/16 00:50,01F0557N,01F0532N,31,86,44
2024/04/16 00:50,01F0557N,01F0532N,32,89,10
2024/04/16 00:50,01F0557N,01F0532N,41,83,1
2024/04/16 00:50,01F0557N,01F0532N,42,92,7
2024/04/16 00:50,01F0557N,01F0532N,5,102,10
2024/04/16 00:50,01F0511S,01F0532S,31,74,19
2024/04/16 00:50,01F0511S,01F0532S,32,82,6
2024/04/16 00:50,01F0511S,01F0532S,41,0,0
2024/04/16 00:50,01F0511S,01F0532S,42,82,20
2024/04/16 00:50,01F0511S,01F0532S,5,82,7
2024/04/16 00:50,03F0525S,01F0532S,31,419,1
2024/04/16 00:50,03F0525S,01F0532S,32,547,1
2024/04/16 00:50,03F0525S,01F0532S,41,0,0
2024/04/16 00:50,03F0525S,01F0532S,42,552,1
2024/04/16 00:50,03F0525S,01F0532S,5,0,0
2024/04/16 00:50,03F0559N,01F0532S,31,0,0
2024/04/16 00:50,03F0559N,01F0532S,32,0,0
2024/04/16 00:50,03F0559N,01F0532S,41,0,0
2024/04/16 00:50,03F0559N,01F0532S,42,0,0
2024/04/16 00:50,03F0559N,01F0532S,5,0,0
2024/04/16 00:50,01F0584N,01F0557N,31,95,30
2024/04/16 00:50,01F0584N,01F0557N,32,98,6
2024/04/16 00:50,01F0584N,01F0557N,41,91,1
2024/04/16 00:50,01F0584N,01F0557N,42,96,5
2024/04/16 00:50,01F0584N,01F0557N,5,115,17
2024/04/16 00:50,01F0532S,01F0557S,31,92,39
2024/04/16 00:50,01F0532S,01F0557S,32,91,9
2024/04/16 00:50,01F0532S,01F0557S,41,0,0
2024/04/16 00:50,01F0532S,01F0557S,42,95,27
2024/04/16 00:50,01F0532S,01F0557S,5,95,10
2024/04/16 00:50,01F0557N,01F0557S,31,1374,3
2024/04/16 00:50,01F0557N,01F0557S,32,1276,2
2024/04/16 00:50,01F0557N,01F0557S,41,0,0
2024/04/16 00:50,01F0557N,01F0557S,42,0,0
2024/04/16 00:50,01F0557N,01F0557S,5,0,0
2024/04/16 00:50,01F0557S,01F0578S,31,76,28
2024/04/16 00:50,01F0557S,01F0578S,32,78,7
2024/04/16 00:50,01F0557S,01F0578S,41,0,0
2024/04/16 00:50,01F0557S,01F0578S,42,80,18
2024/04/16 00:50,01F0557S,01F0578S,5,83,13
2024/04/16 00:50,01F0633N,01F0584N,31,182,24
2024/04/16 00:50,01F0633N,01F0584N,32,175,5
2024/04/16 00:50,01F0633N,01F0584N,41,165,1
2024/04/16 00:50,01F0633N,01F0584N,42,178,7
2024/04/16 00:50,01F0633N,01F0584N,5,202,10
2024/04/16 00:50,01H0608N,01F0584N,31,81,7
2024/04/16 00:50,01H0608N,01F0584N,32,84,2
2024/04/16 00:50,01H0608N,01F0584N,41,0,0
2024/04/16 00:50,01H0608N,01F0584N,42,0,0
2024/04/16 00:50,01H0608N,01F0584N,5,0,0
2024/04/16 00:50,01F0664N,01F0633N,31,107,22
2024/04/16 00:50,01F0664N,01F0633N,32,108,16
2024/04/16 00:50,01F0664N,01F0633N,41,0,0
2024/04/16 00:50,01F0664N,01F0633N,42,124,15
2024/04/16 00:50,01F0664N,01F0633N,5,123,12
2024/04/16 00:50,01F0578S,01F0633S,31,187,25
2024/04/16 00:50,01F0578S,01F0633S,32,209,5
2024/04/16 00:50,01F0578S,01F0633S,41,0,0
2024/04/16 00:50,01F0578S,01F0633S,42,210,18
2024/04/16 00:50,01F0578S,01F0633S,5,216,23
2024/04/16 00:50,01H0579S,01F0633S,31,196,15
2024/04/16 00:50,01H0579S,01F0633S,32,204,2
2024/04/16 00:50,01H0579S,01F0633S,41,0,0
2024/04/16 00:50,01H0579S,01F0633S,42,0,0
2024/04/16 00:50,01H0579S,01F0633S,5,0,0
2024/04/16 00:50,01F0681N,01F0664N,31,59,34
2024/04/16 00:50,01F0681N,01F0664N,32,58,21
2024/04/16 00:50,01F0681N,01F0664N,41,69,1
2024/04/16 00:50,01F0681N,01F0664N,42,66,16
2024/04/16 00:50,01F0681N,01F0664N,5,68,15
2024/04/16 00:50,01F0633S,01F0664S,31,108,27
2024/04/16 00:50,01F0633S,01F0664S,32,115,6
2024/04/16 00:50,01F0633S,01F0664S,41,0,0
2024/04/16 00:50,01F0633S,01F0664S,42,119,19
2024/04/16 00:50,01F0633S,01F0664S,5,121,16
2024/04/16 00:50,01F0699N,01F0681N,31,66,27
2024/04/16 00:50,01F0699N,01F0681N,32,64,14
2024/04/16 00:50,01F0699N,01F0681N,41,75,1
2024/04/16 00:50,01F0699N,01F0681N,42,73,9
2024/04/16 00:50,01F0699N,01F0681N,5,73,12
2024/04/16 00:50,01F0664S,01F0681S,31,60,31
2024/04/16 00:50,01F0664S,01F0681S,32,59,8
2024/04/16 00:50,01F0664S,01F0681S,41,0,0
2024/04/16 00:50,01F0664S,01F0681S,42,63,20
2024/04/16 00:50,01F0664S,01F0681S,5,67,14
2024/04/16 00:50,01F0750N,01F0699N,31,175,29
2024/04/16 00:50,01F0750N,01F0699N,32,169,9
2024/04/16 00:50,01F0750N,01F0699N,41,195,1
2024/04/16 00:50,01F0750N,01F0699N,42,185,5
2024/04/16 00:50,01F0750N,01F0699N,5,192,12
2024/04/16 00:50,01F0681S,01F0699S,31,65,22
2024/04/16 00:50,01F0681S,01F0699S,32,70,6
2024/04/16 00:50,01F0681S,01F0699S,41,74,1
2024/04/16 00:50,01F0681S,01F0699S,42,71,15
2024/04/16 00:50,01F0681S,01F0699S,5,76,11
2024/04/16 00:50,01F0880N,01F0750N,31,456,28
2024/04/16 00:50,01F0880N,01F0750N,32,459,6
2024/04/16 00:50,01F0880N,01F0750N,41,494,1
2024/04/16 00:50,01F0880N,01F0750N,42,488,7
2024/04/16 00:50,01F0880N,01F0750N,5,529,10
2024/04/16 00:50,01F0699S,01F0750S,31,167,25
2024/04/16 00:50,01F0699S,01F0750S,32,172,4
2024/04/16 00:50,01F0699S,01F0750S,41,189,1
2024/04/16 00:50,01F0699S,01F0750S,42,187,14
2024/04/16 00:50,01F0699S,01F0750S,5,198,11
2024/04/16 00:50,01H0610S,01F0750S,31,474,10
2024/04/16 00:50,01H0610S,01F0750S,32,518,2
2024/04/16 00:50,01H0610S,01F0750S,41,0,0
2024/04/16 00:50,01H0610S,01F0750S,42,0,0
2024/04/16 00:50,01H0610S,01F0750S,5,0,0
2024/04/16 00:50,01F0928N,01F0880N,31,161,30
2024/04/16 00:50,01F0928N,01F0880N,32,165,10
2024/04/16 00:50,01F0928N,01F0880N,41,0,0
2024/04/16 00:50,01F0928N,01F0880N,42,186,13
2024/04/16 00:50,01F0928N,01F0880N,5,197,15
2024/04/16 00:50,01F0750S,01F0880S,31,442,32
2024/04/16 00:50,01F0750S,01F0880S,32,465,9
2024/04/16 00:50,01F0750S,01F0880S,41,469,2
2024/04/16 00:50,01F0750S,01F0880S,42,494,8
2024/04/16 00:50,01F0750S,01F0880S,5,553,18
2024/04/16 00:50,01F0956N,01F0928N,31,92,20
2024/04/16 00:50,01F0956N,01F0928N,32,98,6
2024/04/16 00:50,01F0956N,01F0928N,41,0,0
2024/04/16 00:50,01F0956N,01F0928N,42,110,8
2024/04/16 00:50,01F0956N,01F0928N,5,111,13
2024/04/16 00:50,01F0880S,01F0928S,31,164,31
2024/04/16 00:50,01F0880S,01F0928S,32,163,10
2024/04/16 00:50,01F0880S,01F0928S,41,165,1
2024/04/16 00:50,01F0880S,01F0928S,42,177,11
2024/04/16 00:50,01F0880S,01F0928S,5,193,16
2024/04/16 00:50,01F0928S,01F0950S,31,75,28
2024/04/16 00:50,01F0928S,01F0950S,32,73,10
2024/04/16 00:50,01F0928S,01F0950S,41,81,2
2024/04/16 00:50,01F0928S,01F0950S,42,82,10
2024/04/16 00:50,01F0928S,01F0950S,5,85,14
2024/04/16 00:50,01F0979N,01F0956N,31,78,25
2024/04/16 00:50,01F0979N,01F0956N,32,79,8
2024/04/16 00:50,01F0979N,01F0956N,41,92,1
2024/04/16 00:50,01F0979N,01F0956N,42,90,6
2024/04/16 00:50,01F0979N,01F0956N,5,93,18
2024/04/16 00:50,01F1045N,01F0979N,31,226,19
2024/04/16 00:50,01F1045N,01F0979N,32,250,7
2024/04/16 00:50,01F1045N,01F0979N,41,267,1
2024/04/16 00:50,01F1045N,01F0979N,42,237,2
2024/04/16 00:50,01F1045N,01F0979N,5,259,8
2024/04/16 00:50,03F0996S,01F0979N,31,88,3
2024/04/16 00:50,03F0996S,01F0979N,32,0,0
2024/04/16 00:50,03F0996S,01F0979N,41,0,0
2024/04/16 00:50,03F0996S,01F0979N,42,89,1
2024/04/16 00:50,03F0996S,01F0979N,5,0,0
2024/04/16 00:50,03F1022N,01F0979N,31,129,8
2024/04/16 00:50,03F1022N,01F0979N,32,143,3
2024/04/16 00:50,03F1022N,01F0979N,41,185,1
2024/04/16 00:50,03F1022N,01F0979N,42,133,2
2024/04/16 00:50,03F1022N,01F0979N,5,149,9
2024/04/16 00:50,01F0950S,01F0980S,31,103,30
2024/04/16 00:50,01F0950S,01F0980S,32,100,9
2024/04/16 00:50,01F0950S,01F0980S,41,112,1
2024/04/16 00:50,01F0950S,01F0980S,42,116,14
2024/04/16 00:50,01F0950S,01F0980S,5,121,18
2024/04/16 00:50,01F1123N,01F1045N,31,266,30
2024/04/16 00:50,01F1123N,01F1045N,32,287,9
2024/04/16 00:50,01F1123N,01F1045N,41,293,3
2024/04/16 00:50,01F1123N,01F1045N,42,288,4
2024/04/16 00:50,01F1123N,01F1045N,5,332,4
2024/04/16 00:50,01F0980S,01F1045S,31,225,43
2024/04/16 00:50,01F0980S,01F1045S,32,220,11
2024/04/16 00:50,01F0980S,01F1045S,41,244,2
2024/04/16 00:50,01F0980S,01F1045S,42,250,9
2024/04/16 00:50,01F0980S,01F1045S,5,245,14
2024/04/16 00:50,03F0996S,01F1045S,31,236,8
2024/04/16 00:50,03F0996S,01F1045S,32,228,1
2024/04/16 00:50,03F0996S,01F1045S,41,0,0
2024/04/16 00:50,03F0996S,01F1045S,42,0,0
2024/04/16 00:50,03F0996S,01F1045S,5,0,0
2024/04/16 00:50,03F1022N,01F1045S,31,1203,2
2024/04/16 00:50,03F1022N,01F1045S,32,0,0
2024/04/16 00:50,03F1022N,01F1045S,41,0,0
2024/04/16 00:50,03F1022N,01F1045S,42,0,0
2024/04/16 00:50,03F1022N,01F1045S,5,0,0
2024/04/16 00:50,01F1292N,01F1123N,31,577,20
2024/04/16 00:50,01F1292N,01F1123N,32,606,9
2024/04/16 00:50,01F1292N,01F1123N,41,0,0
2024/04/16 00:50,01F1292N,01F1123N,42,712,10
2024/04/16 00:50,01F1292N,01F1123N,5,739,8
2024/04/16 00:50,01F1045S,01F1123S,31,267,27
2024/04/16 00:50,01F1045S,01F1123S,32,272,7
2024/04/16 00:50,01F1045S,01F1123S,41,286,1
2024/04/16 00:50,01F1045S,01F1123S,42,305,9
2024/04/16 00:50,01F1045S,01F1123S,5,317,12
2024/04/16 00:50,01F1389N,01F1292N,31,327,20
2024/04/16 00:50,01F1389N,01F1292N,32,335,10
2024/04/16 00:50,01F1389N,01F1292N,41,0,0
2024/04/16 00:50,01F1389N,01F1292N,42,348,15
2024/04/16 00:50,01F1389N,01F1292N,5,371,9
2024/04/16 00:50,01F1123S,01F1292S,31,575,29
2024/04/16 00:50,01F1123S,01F1292S,32,594,9
2024/04/16 00:50,01F1123S,01F1292S,41,0,0
2024/04/16 00:50,01F1123S,01F1292S,42,621,6
2024/04/16 00:50,01F1123S,01F1292S,5,671,10
2024/04/16 00:50,01F1465N,01F1389N,31,255,19
2024/04/16 00:50,01F1465N,01F1389N,32,243,2
2024/04/16 00:50,01F1465N,01F1389N,41,257,2
2024/04/16 00:50,01F1465N,01F1389N,42,288,7
2024/04/16 00:50,01F1465N,01F1389N,5,281,9
2024/04/16 00:50,01F1292S,01F1389S,31,327,31
2024/04/16 00:50,01F1292S,01F1389S,32,0,0
2024/04/16 00:50,01F1292S,01F1389S,41,0,0
2024/04/16 00:50,01F1292S,01F1389S,42,364,9
2024/04/16 00:50,01F1292S,01F1389S,5,412,11
2024/04/16 00:50,01F1572N,01F1465N,31,362,26
2024/04/16 00:50,01F1572N,01F1465N,32,386,8
2024/04/16 00:50,01F1572N,01F1465N,41,421,2
2024/04/16 00:50,01F1572N,01F1465N,42,452,7
2024/04/16 00:50,01F1572N,01F1465N,5,496,14
2024/04/16 00:50,01F1389S,01F1465S,31,256,25
2024/04/16 00:50,01F1389S,01F1465S,32,252,5
2024/04/16 00:50,01F1389S,01F1465S,41,270,2
2024/04/16 00:50,01F1389S,01F1465S,42,289,11
2024/04/16 00:50,01F1389S,01F1465S,5,303,5
2024/04/16 00:50,01F1621N,01F1572N,31,153,19
2024/04/16 00:50,01F1621N,01F1572N,32,184,7
2024/04/16 00:50,01F1621N,01F1572N,41,0,0
2024/04/16 00:50,01F1621N,01F1572N,42,188,4
2024/04/16 00:50,01F1621N,01F1572N,5,196,12
2024/04/16 00:50,01F1465S,01F1572S,31,360,37
2024/04/16 00:50,01F1465S,01F1572S,32,364,5
2024/04/16 00:50,01F1465S,01F1572S,41,0,0
2024/04/16 00:50,01F1465S,01F1572S,42,437,6
2024/04/16 00:50,01F1465S,01F1572S,5,410,7
2024/04/16 00:50,01F1664N,01F1621N,31,136,24
2024/04/16 00:50,01F1664N,01F1621N,32,153,4
2024/04/16 00:50,01F1664N,01F1621N,41,0,0
2024/04/16 00:50,01F1664N,01F1621N,42,162,10
2024/04/16 00:50,01F1664N,01F1621N,5,172,11
2024/04/16 00:50,03F1651S,01F1621N,31,0,0
2024/04/16 00:50,03F1651S,01F1621N,32,0,0
2024/04/16 00:50,03F1651S,01F1621N,41,0,0
2024/04/16 00:50,03F1651S,01F1621N,42,0,0
2024/04/16 00:50,03F1651S,01F1621N,5,0,0
2024/04/16 00:50,03F1710N,01F1621N,31,0,0
2024/04/16 00:50,03F1710N,01F1621N,32,0,0
2024/04/16 00:50,03F1710N,01F1621N,41,0,0
2024/04/16 00:50,03F1710N,01F1621N,42,0,0
2024/04/16 00:50,03F1710N,01F1621N,5,649,1
2024/04/16 00:50,01F1572S,01F1621S,31,166,32
2024/04/16 00:50,01F1572S,01F1621S,32,162,8
2024/04/16 00:50,01F1572S,01F1621S,41,185,5
2024/04/16 00:50,01F1572S,01F1621S,42,186,10
2024/04/16 00:50,01F1572S,01F1621S,5,186,10
2024/04/16 00:50,01F1699N,01F1664N,31,116,24
2024/04/16 00:50,01F1699N,01F1664N,32,119,4
2024/04/16 00:50,01F1699N,01F1664N,41,0,0
2024/04/16 00:50,01F1699N,01F1664N,42,129,6
2024/04/16 00:50,01F1699N,01F1664N,5,136,10
2024/04/16 00:50,01F1621S,01F1664S,31,149,19
2024/04/16 00:50,01F1621S,01F1664S,32,160,4
2024/04/16 00:50,01F1621S,01F1664S,41,151,2
2024/04/16 00:50,01F1621S,01F1664S,42,280,15
2024/04/16 00:50,01F1621S,01F1664S,5,262,12
2024/04/16 00:50,03F1651S,01F1664S,31,521,6
2024/04/16 00:50,03F1651S,01F1664S,32,1981,2
2024/04/16 00:50,03F1651S,01F1664S,41,0,0
2024/04/16 00:50,03F1651S,01F1664S,42,533,1
2024/04/16 00:50,03F1651S,01F1664S,5,0,0
2024/04/16 00:50,03F1710N,01F1664S,31,0,0
2024/04/16 00:50,03F1710N,01F1664S,32,474,1
2024/04/16 00:50,03F1710N,01F1664S,41,0,0
2024/04/16 00:50,03F1710N,01F1664S,42,0,0
2024/04/16 00:50,03F1710N,01F1664S,5,0,0
2024/04/16 00:50,01F1774N,01F1699N,31,249,26
2024/04/16 00:50,01F1774N,01F1699N,32,232,3
2024/04/16 00:50,01F1774N,01F1699N,41,276,1
2024/04/16 00:50,01F1774N,01F1699N,42,287,7
2024/04/16 00:50,01F1774N,01F1699N,5,316,9
2024/04/16 00:50,01F1664S,01F1699S,31,116,24
2024/04/16 00:50,01F1664S,01F1699S,32,129,5
2024/04/16 00:50,01F1664S,01F1699S,41,128,1
2024/04/16 00:50,01F1664S,01F1699S,42,132,15
2024/04/16 00:50,01F1664S,01F1699S,5,135,9
2024/04/16 00:50,01F1802N,01F1774N,31,90,14
2024/04/16 00:50,01F1802N,01F1774N,32,96,6
2024/04/16 00:50,01F1802N,01F1774N,41,0,0
2024/04/16 00:50,01F1802N,01F1774N,42,96,6
2024/04/16 00:50,01F1802N,01F1774N,5,101,4
2024/04/16 00:50,01F1699S,01F1774S,31,239,31
2024/04/16 00:50,01F1699S,01F1774S,32,250,9
2024/04/16 00:50,01F1699S,01F1774S,41,284,1
2024/04/16 00:50,01F1699S,01F1774S,42,300,13
2024/04/16 00:50,01F1699S,01F1774S,5,294,10
2024/04/16 00:50,01F1839N,01F1802N,31,123,12
2024/04/16 00:50,01F1839N,01F1802N,32,131,7
2024/04/16 00:50,01F1839N,01F1802N,41,0,0
2024/04/16 00:50,01F1839N,01F1802N,42,1031,2
2024/04/16 00:50,01F1839N,01F1802N,5,138,2
2024/04/16 00:50,01F1774S,01F1802S,31,85,19
2024/04/16 00:50,01F1774S,01F1802S,32,94,6
2024/04/16 00:50,01F1774S,01F1802S,41,1027,1
2024/04/16 00:50,01F1774S,01F1802S,42,107,9
2024/04/16 00:50,01F1774S,01F1802S,5,105,10
2024/04/16 00:50,01F1906N,01F1839N,31,226,20
2024/04/16 00:50,01F1906N,01F1839N,32,230,7
2024/04/16 00:50,01F1906N,01F1839N,41,0,0
2024/04/16 00:50,01F1906N,01F1839N,42,246,4
2024/04/16 00:50,01F1906N,01F1839N,5,268,9
2024/04/16 00:50,01F1802S,01F1839S,31,117,28
2024/04/16 00:50,01F1802S,01F1839S,32,124,9
2024/04/16 00:50,01F1802S,01F1839S,41,0,0
2024/04/16 00:50,01F1802S,01F1839S,42,141,10
2024/04/16 00:50,01F1802S,01F1839S,5,150,6
2024/04/16 00:50,01F1960N,01F1906N,31,169,23
2024/04/16 00:50,01F1960N,01F1906N,32,190,5
2024/04/16 00:50,01F1960N,01F1906N,41,194,1
2024/04/16 00:50,01F1960N,01F1906N,42,190,6
2024/04/16 00:50,01F1960N,01F1906N,5,217,13
2024/04/16 00:50,03F1944S,01F1906N,31,196,1
2024/04/16 00:50,03F1944S,01F1906N,32,0,0
2024/04/16 00:50,03F1944S,01F1906N,41,0,0
2024/04/16 00:50,03F1944S,01F1906N,42,259,1
2024/04/16 00:50,03F1944S,01F1906N,5,0,0
2024/04/16 00:50,03F1992N,01F1906N,31,217,1
2024/04/16 00:50,03F1992N,01F1906N,32,0,0
2024/04/16 00:50,03F1992N,01F1906N,41,0,0
2024/04/16 00:50,03F1992N,01F1906N,42,0,0
2024/04/16 00:50,03F1992N,01F1906N,5,0,0
2024/04/16 00:50,01F1839S,01F1906S,31,224,23
2024/04/16 00:50,01F1839S,01F1906S,32,219,4
2024/04/16 00:50,01F1839S,01F1906S,41,252,1
2024/04/16 00:50,01F1839S,01F1906S,42,249,6
2024/04/16 00:50,01F1839S,01F1906S,5,254,10
2024/04/16 00:50,01F2011N,01F1960N,31,165,22
2024/04/16 00:50,01F2011N,01F1960N,32,161,8
2024/04/16 00:50,01F2011N,01F1960N,41,173,1
2024/04/16 00:50,01F2011N,01F1960N,42,194,10
2024/04/16 00:50,01F2011N,01F1960N,5,205,11
2024/04/16 00:50,01F1906S,01F1960S,31,180,33
2024/04/16 00:50,01F1906S,01F1960S,32,178,3
2024/04/16 00:50,01F1906S,01F1960S,41,0,0
2024/04/16 00:50,01F1906S,01F1960S,42,205,6
2024/04/16 00:50,01F1906S,01F1960S,5,219,9
2024/04/16 00:50,03F1944S,01F1960S,31,222,12
2024/04/16 00:50,03F1944S,01F1960S,32,235,1
2024/04/16 00:50,03F1944S,01F1960S,41,0,0
2024/04/16 00:50,03F1944S,01F1960S,42,254,7
2024/04/16 00:50,03F1944S,01F1960S,5,270,9
2024/04/16 00:50,03F1992N,01F1960S,31,250,7
2024/04/16 00:50,03F1992N,01F1960S,32,267,1
2024/04/16 00:50,03F1992N,01F1960S,41,0,0
2024/04/16 00:50,03F1992N,01F1960S,42,275,1
2024/04/16 00:50,03F1992N,01F1960S,5,0,0
2024/04/16 00:50,01F2089N,01F2011N,31,245,19
2024/04/16 00:50,01F2089N,01F2011N,32,251,9
2024/04/16 00:50,01F2089N,01F2011N,41,273,1
2024/04/16 00:50,01F2089N,01F2011N,42,322,6
2024/04/16 00:50,01F2089N,01F2011N,5,325,18
2024/04/16 00:50,01F1960S,01F2011S,31,165,26
2024/04/16 00:50,01F1960S,01F2011S,32,172,4
2024/04/16 00:50,01F1960S,01F2011S,41,193,2
2024/04/16 00:50,01F1960S,01F2011S,42,205,13
2024/04/16 00:50,01F1960S,01F2011S,5,215,15
2024/04/16 00:50,01F2156N,01F2089N,31,208,15
2024/04/16 00:50,01F2156N,01F2089N,32,205,13
2024/04/16 00:50,01F2156N,01F2089N,41,0,0
2024/04/16 00:50,01F2156N,01F2089N,42,246,17
2024/04/16 00:50,01F2156N,01F2089N,5,254,23
2024/04/16 00:50,01F2011S,01F2089S,31,254,27
2024/04/16 00:50,01F2011S,01F2089S,32,260,5
2024/04/16 00:50,01F2011S,01F2089S,41,288,2
2024/04/16 00:50,01F2011S,01F2089S,42,290,11
2024/04/16 00:50,01F2011S,01F2089S,5,316,14
2024/04/16 00:50,01F2249N,01F2156N,31,299,14
2024/04/16 00:50,01F2249N,01F2156N,32,297,9
2024/04/16 00:50,01F2249N,01F2156N,41,328,1
2024/04/16 00:50,01F2249N,01F2156N,42,348,25
2024/04/16 00:50,01F2249N,01F2156N,5,381,26
2024/04/16 00:50,01F2089S,01F2156S,31,220,22
2024/04/16 00:50,01F2089S,01F2156S,32,226,6
2024/04/16 00:50,01F2089S,01F2156S,41,0,0
2024/04/16 00:50,01F2089S,01F2156S,42,255,13
2024/04/16 00:50,01F2089S,01F2156S,5,269,17
2024/04/16 00:50,01F2322N,01F2249N,31,244,17
2024/04/16 00:50,01F2322N,01F2249N,32,258,8
2024/04/16 00:50,01F2322N,01F2249N,41,285,2
2024/04/16 00:50,01F2322N,01F2249N,42,298,15
2024/04/16 00:50,01F2322N,01F2249N,5,294,16
2024/04/16 00:50,01F2156S,01F2249S,31,295,22
2024/04/16 00:50,01F2156S,01F2249S,32,302,6
2024/04/16 00:50,01F2156S,01F2249S,41,0,0
2024/04/16 00:50,01F2156S,01F2249S,42,354,6
2024/04/16 00:50,01F2156S,01F2249S,5,355,10
2024/04/16 00:50,01F2394N,01F2322N,31,232,18
2024/04/16 00:50,01F2394N,01F2322N,32,243,7
2024/04/16 00:50,01F2394N,01F2322N,41,273,1
2024/04/16 00:50,01F2394N,01F2322N,42,286,6
2024/04/16 00:50,01F2394N,01F2322N,5,297,14
2024/04/16 00:50,01F2249S,01F2322S,31,233,24
2024/04/16 00:50,01F2249S,01F2322S,32,278,8
2024/04/16 00:50,01F2249S,01F2322S,41,251,2
2024/04/16 00:50,01F2249S,01F2322S,42,295,3
2024/04/16 00:50,01F2249S,01F2322S,5,295,11
2024/04/16 00:50,01F2425N,01F2394N,31,101,20
2024/04/16 00:50,01F2425N,01F2394N,32,109,6
2024/04/16 00:50,01F2425N,01F2394N,41,0,0
2024/04/16 00:50,01F2425N,01F2394N,42,112,6
2024/04/16 00:50,01F2425N,01F2394N,5,122,20
2024/04/16 00:50,01F2322S,01F2394S,31,229,18
2024/04/16 00:50,01F2322S,01F2394S,32,249,11
2024/04/16 00:50,01F2322S,01F2394S,41,0,0
2024/04/16 00:50,01F2322S,01F2394S,42,309,9
2024/04/16 00:50,01F2322S,01F2394S,5,283,18
2024/04/16 00:50,01F2472N,01F2425N,31,156,17
2024/04/16 00:50,01F2472N,01F2425N,32,166,4
2024/04/16 00:50,01F2472N,01F2425N,41,0,0
2024/04/16 00:50,01F2472N,01F2425N,42,259,4
2024/04/16 00:50,01F2472N,01F2425N,5,279,19
2024/04/16 00:50,01F2394S,01F2425S,31,101,18
2024/04/16 00:50,01F2394S,01F2425S,32,104,4
2024/04/16 00:50,01F2394S,01F2425S,41,114,1
2024/04/16 00:50,01F2394S,01F2425S,42,123,9
2024/04/16 00:50,01F2394S,01F2425S,5,120,19
2024/04/16 00:50,01F2514N,01F2472N,31,133,16
2024/04/16 00:50,01F2514N,01F2472N,32,146,4
2024/04/16 00:50,01F2514N,01F2472N,41,0,0
2024/04/16 00:50,01F2514N,01F2472N,42,159,14
2024/04/16 00:50,01F2514N,01F2472N,5,168,15
2024/04/16 00:50,01F2425S,01F2472S,31,146,21
2024/04/16 00:50,01F2425S,01F2472S,32,157,6
2024/04/16 00:50,01F2425S,01F2472S,41,168,2
2024/04/16 00:50,01F2425S,01F2472S,42,167,9
2024/04/16 00:50,01F2425S,01F2472S,5,183,16
2024/04/16 00:50,01F2603N,01F2514N,31,280,16
2024/04/16 00:50,01F2603N,01F2514N,32,321,6
2024/04/16 00:50,01F2603N,01F2514N,41,0,0
2024/04/16 00:50,01F2603N,01F2514N,42,329,13
2024/04/16 00:50,01F2603N,01F2514N,5,364,19
2024/04/16 00:50,01F2472S,01F2514S,31,135,17
2024/04/16 00:50,01F2472S,01F2514S,32,141,7
2024/04/16 00:50,01F2472S,01F2514S,41,159,1
2024/04/16 00:50,01F2472S,01F2514S,42,144,6
2024/04/16 00:50,01F2472S,01F2514S,5,165,15
2024/04/16 00:50,01F2674N,01F2603N,31,240,12
2024/04/16 00:50,01F2674N,01F2603N,32,246,4
2024/04/16 00:50,01F2674N,01F2603N,41,258,1
2024/04/16 00:50,01F2674N,01F2603N,42,290,11
2024/04/16 00:50,01F2674N,01F2603N,5,295,25
2024/04/16 00:50,01F2514S,01F2603S,31,291,16
2024/04/16 00:50,01F2514S,01F2603S,32,299,7
2024/04/16 00:50,01F2514S,01F2603S,41,341,2
2024/04/16 00:50,01F2514S,01F2603S,42,341,7
2024/04/16 00:50,01F2514S,01F2603S,5,375,19
2024/04/16 00:50,01F2714N,01F2674N,31,127,10
2024/04/16 00:50,01F2714N,01F2674N,32,133,4
2024/04/16 00:50,01F2714N,01F2674N,41,140,2
2024/04/16 00:50,01F2714N,01F2674N,42,156,13
2024/04/16 00:50,01F2714N,01F2674N,5,167,19
2024/04/16 00:50,01F2603S,01F2674S,31,244,11
2024/04/16 00:50,01F2603S,01F2674S,32,230,1
2024/04/16 00:50,01F2603S,01F2674S,41,273,1
2024/04/16 00:50,01F2603S,01F2674S,42,310,4
2024/04/16 00:50,01F2603S,01F2674S,5,293,7
2024/04/16 00:50,01F2827N,01F2714N,31,366,13
2024/04/16 00:50,01F2827N,01F2714N,32,407,2
2024/04/16 00:50,01F2827N,01F2714N,41,0,0
2024/04/16 00:50,01F2827N,01F2714N,42,479,7
2024/04/16 00:50,01F2827N,01F2714N,5,456,11
2024/04/16 00:50,01F2674S,01F2714S,31,134,17
2024/04/16 00:50,01F2674S,01F2714S,32,212,3
2024/04/16 00:50,01F2674S,01F2714S,41,143,3
2024/04/16 00:50,01F2674S,01F2714S,42,172,4
2024/04/16 00:50,01F2674S,01F2714S,5,163,14
2024/04/16 00:50,01F2866N,01F2827N,31,124,17
2024/04/16 00:50,01F2866N,01F2827N,32,135,7
2024/04/16 00:50,01F2866N,01F2827N,41,141,1
2024/04/16 00:50,01F2866N,01F2827N,42,156,12
2024/04/16 00:50,01F2866N,01F2827N,5,157,13
2024/04/16 00:50,01F2714S,01F2827S,31,359,24
2024/04/16 00:50,01F2714S,01F2827S,32,418,9
2024/04/16 00:50,01F2714S,01F2827S,41,391,3
2024/04/16 00:50,01F2714S,01F2827S,42,422,14
2024/04/16 00:50,01F2714S,01F2827S,5,462,9
2024/04/16 00:50,01F2930N,01F2866N,31,233,10
2024/04/16 00:50,01F2930N,01F2866N,32,229,6
2024/04/16 00:50,01F2930N,01F2866N,41,0,0
2024/04/16 00:50,01F2930N,01F2866N,42,255,9
2024/04/16 00:50,01F2930N,01F2866N,5,263,19
2024/04/16 00:50,01F2827S,01F2866S,31,124,25
2024/04/16 00:50,01F2827S,01F2866S,32,157,10
2024/04/16 00:50,01F2827S,01F2866S,41,137,3
2024/04/16 00:50,01F2827S,01F2866S,42,152,5
2024/04/16 00:50,01F2827S,01F2866S,5,154,17
2024/04/16 00:50,01F3019N,01F2930N,31,292,19
2024/04/16 00:50,01F3019N,01F2930N,32,308,9
2024/04/16 00:50,01F3019N,01F2930N,41,335,3
2024/04/16 00:50,01F3019N,01F2930N,42,347,7
2024/04/16 00:50,01F3019N,01F2930N,5,352,18
2024/04/16 00:50,01F2866S,01F2930S,31,204,24
2024/04/16 00:50,01F2866S,01F2930S,32,216,7
2024/04/16 00:50,01F2866S,01F2930S,41,0,0
2024/04/16 00:50,01F2866S,01F2930S,42,218,4
2024/04/16 00:50,01F2866S,01F2930S,5,256,15
2024/04/16 00:50,01F3083N,01F3019N,31,204,21
2024/04/16 00:50,01F3083N,01F3019N,32,205,4
2024/04/16 00:50,01F3083N,01F3019N,41,259,1
2024/04/16 00:50,01F3083N,01F3019N,42,262,4
2024/04/16 00:50,01F3083N,01F3019N,5,271,18
2024/04/16 00:50,01F2930S,01F3019S,31,284,18
2024/04/16 00:50,01F2930S,01F3019S,32,291,7
2024/04/16 00:50,01F2930S,01F3019S,41,336,1
2024/04/16 00:50,01F2930S,01F3019S,42,299,4
2024/04/16 00:50,01F2930S,01F3019S,5,376,6
2024/04/16 00:50,01F3126N,01F3083N,31,138,17
2024/04/16 00:50,01F3126N,01F3083N,32,152,4
2024/04/16 00:50,01F3126N,01F3083N,41,157,1
2024/04/16 00:50,01F3126N,01F3083N,42,167,8
2024/04/16 00:50,01F3126N,01F3083N,5,177,18
2024/04/16 00:50,01F3019S,01F3083S,31,204,20
2024/04/16 00:50,01F3019S,01F3083S,32,211,10
2024/04/16 00:50,01F3019S,01F3083S,41,0,0
2024/04/16 00:50,01F3019S,01F3083S,42,233,9
2024/04/16 00:50,01F3019S,01F3083S,5,259,17
2024/04/16 00:50,01F3185N,01F3126N,31,189,22
2024/04/16 00:50,01F3185N,01F3126N,32,200,4
2024/04/16 00:50,01F3185N,01F3126N,41,0,0
2024/04/16 00:50,01F3185N,01F3126N,42,214,6
2024/04/16 00:50,01F3185N,01F3126N,5,239,11
2024/04/16 00:50,03F3445S,01F3126N,31,0,0
2024/04/16 00:50,03F3445S,01F3126N,32,0,0
2024/04/16 00:50,03F3445S,01F3126N,41,0,0
2024/04/16 00:50,03F3445S,01F3126N,42,0,0
2024/04/16 00:50,03F3445S,01F3126N,5,0,0
2024/04/16 00:50,03F3496N,01F3126N,31,0,0
2024/04/16 00:50,03F3496N,01F3126N,32,0,0
2024/04/16 00:50,03F3496N,01F3126N,41,0,0
2024/04/16 00:50,03F3496N,01F3126N,42,560,1
2024/04/16 00:50,03F3496N,01F3126N,5,0,0
2024/04/16 00:50,01F3083S,01F3126S,31,133,21
2024/04/16 00:50,01F3083S,01F3126S,32,140,5
2024/04/16 00:50,01F3083S,01F3126S,41,0,0
2024/04/16 00:50,01F3083S,01F3126S,42,152,9
2024/04/16 00:50,01F3083S,01F3126S,5,177,15
2024/04/16 00:50,01F3227N,01F3185N,31,140,23
2024/04/16 00:50,01F3227N,01F3185N,32,150,7
2024/04/16 00:50,01F3227N,01F3185N,41,0,0
2024/04/16 00:50,01F3227N,01F3185N,42,163,7
2024/04/16 00:50,01F3227N,01F3185N,5,164,10
2024/04/16 00:50,01F3126S,01F3185S,31,196,23
2024/04/16 00:50,01F3126S,01F3185S,32,215,7
2024/04/16 00:50,01F3126S,01F3185S,41,0,0
2024/04/16 00:50,01F3126S,01F3185S,42,214,6
2024/04/16 00:50,01F3126S,01F3185S,5,267,10
2024/04/16 00:50,03F3445S,01F3185S,31,646,1
2024/04/16 00:50,03F3445S,01F3185S,32,0,0
2024/04/16 00:50,03F3445S,01F3185S,41,0,0
2024/04/16 00:50,03F3445S,01F3185S,42,0,0
2024/04/16 00:50,03F3445S,01F3185S,5,0,0
2024/04/16 00:50,03F3496N,01F3185S,31,0,0
2024/04/16 00:50,03F3496N,01F3185S,32,0,0
2024/04/16 00:50,03F3496N,01F3185S,41,0,0
2024/04/16 00:50,03F3496N,01F3185S,42,0,0
2024/04/16 00:50,03F3496N,01F3185S,5,0,0
2024/04/16 00:50,01F3252N,01F3227N,31,82,18
2024/04/16 00:50,01F3252N,01F3227N,32,86,6
2024/04/16 00:50,01F3252N,01F3227N,41,91,1
2024/04/16 00:50,01F3252N,01F3227N,42,100,10
2024/04/16 00:50,01F3252N,01F3227N,5,102,14
2024/04/16 00:50,01F3185S,01F3227S,31,139,27
2024/04/16 00:50,01F3185S,01F3227S,32,156,6
2024/04/16 00:50,01F3185S,01F3227S,41,0,0
2024/04/16 00:50,01F3185S,01F3227S,42,148,5
2024/04/16 00:50,01F3185S,01F3227S,5,178,10
2024/04/16 00:50,01F3286N,01F3252N,31,108,10
2024/04/16 00:50,01F3286N,01F3252N,32,111,6
2024/04/16 00:50,01F3286N,01F3252N,41,124,1
2024/04/16 00:50,01F3286N,01F3252N,42,138,9
2024/04/16 00:50,01F3286N,01F3252N,5,148,8
2024/04/16 00:50,01F3227S,01F3252S,31,83,31
2024/04/16 00:50,01F3227S,01F3252S,32,85,8
2024/04/16 00:50,01F3227S,01F3252S,41,0,0
2024/04/16 00:50,01F3227S,01F3252S,42,94,3
2024/04/16 00:50,01F3227S,01F3252S,5,103,14
2024/04/16 00:50,01F3366N,01F3286N,31,254,16
2024/04/16 00:50,01F3366N,01F3286N,32,270,11
2024/04/16 00:50,01F3366N,01F3286N,41,286,2
2024/04/16 00:50,01F3366N,01F3286N,42,327,5
2024/04/16 00:50,01F3366N,01F3286N,5,317,8
2024/04/16 00:50,01F3252S,01F3286S,31,117,27
2024/04/16 00:50,01F3252S,01F3286S,32,107,3
2024/04/16 00:50,01F3252S,01F3286S,41,128,1
2024/04/16 00:50,01F3252S,01F3286S,42,126,8
2024/04/16 00:50,01F3252S,01F3286S,5,136,8
2024/04/16 00:50,01F3398N,01F3366N,31,99,18
2024/04/16 00:50,01F3398N,01F3366N,32,106,9
2024/04/16 00:50,01F3398N,01F3366N,41,0,0
2024/04/16 00:50,01F3398N,01F3366N,42,109,5
2024/04/16 00:50,01F3398N,01F3366N,5,128,10
2024/04/16 00:50,01F3286S,01F3366S,31,258,24
2024/04/16 00:50,01F3286S,01F3366S,32,313,4
2024/04/16 00:50,01F3286S,01F3366S,41,0,0
2024/04/16 00:50,01F3286S,01F3366S,42,296,2
2024/04/16 00:50,01F3286S,01F3366S,5,328,8
2024/04/16 00:50,01F3460N,01F3398N,31,198,19
2024/04/16 00:50,01F3460N,01F3398N,32,211,7
2024/04/16 00:50,01F3460N,01F3398N,41,0,0
2024/04/16 00:50,01F3460N,01F3398N,42,238,4
2024/04/16 00:50,01F3460N,01F3398N,5,266,10
2024/04/16 00:50,01F3366S,01F3398S,31,98,30
2024/04/16 00:50,01F3366S,01F3398S,32,108,6
2024/04/16 00:50,01F3366S,01F3398S,41,0,0
2024/04/16 00:50,01F3366S,01F3398S,42,121,2
2024/04/16 00:50,01F3366S,01F3398S,5,129,9
2024/04/16 00:50,01F3535N,01F3460N,31,264,21
2024/04/16 00:50,01F3535N,01F3460N,32,244,6
2024/04/16 00:50,01F3535N,01F3460N,41,0,0
2024/04/16 00:50,01F3535N,01F3460N,42,276,6
2024/04/16 00:50,01F3535N,01F3460N,5,306,6
2024/04/16 00:50,01F3398S,01F3460S,31,204,26
2024/04/16 00:50,01F3398S,01F3460S,32,222,8
2024/04/16 00:50,01F3398S,01F3460S,41,225,1
2024/04/16 00:50,01F3398S,01F3460S,42,229,6
2024/04/16 00:50,01F3398S,01F3460S,5,248,3
2024/04/16 00:50,01F3559N,01F3535N,31,87,23
2024/04/16 00:50,01F3559N,01F3535N,32,95,7
2024/04/16 00:50,01F3559N,01F3535N,41,0,0
2024/04/16 00:50,01F3559N,01F3535N,42,94,4
2024/04/16 00:50,01F3559N,01F3535N,5,106,2
2024/04/16 00:50,01F3460S,01F3535S,31,255,21
2024/04/16 00:50,01F3460S,01F3535S,32,262,10
2024/04/16 00:50,01F3460S,01F3535S,41,0,0
2024/04/16 00:50,01F3460S,01F3535S,42,372,7
2024/04/16 00:50,01F3460S,01F3535S,5,332,12
2024/04/16 00:50,01F3590N,01F3559N,31,119,24
2024/04/16 00:50,01F3590N,01F3559N,32,124,8
2024/04/16 00:50,01F3590N,01F3559N,41,0,0
2024/04/16 00:50,01F3590N,01F3559N,42,134,2
2024/04/16 00:50,01F3590N,01F3559N,5,135,6
2024/04/16 00:50,01F3535S,01F3561S,31,91,28
2024/04/16 00:50,01F3535S,01F3561S,32,97,10
2024/04/16 00:50,01F3535S,01F3561S,41,0,0
2024/04/16 00:50,01F3535S,01F3561S,42,99,5
2024/04/16 00:50,01F3535S,01F3561S,5,116,6
2024/04/16 00:50,01F3640N,01F3590N,31,201,21
2024/04/16 00:50,01F3640N,01F3590N,32,196,6
2024/04/16 00:50,01F3640N,01F3590N,41,201,1
2024/04/16 00:50,01F3640N,01F3590N,42,229,3
2024/04/16 00:50,01F3640N,01F3590N,5,219,13
2024/04/16 00:50,03F3743S,01F3590N,31,0,0
2024/04/16 00:50,03F3743S,01F3590N,32,0,0
2024/04/16 00:50,03F3743S,01F3590N,41,0,0
2024/04/16 00:50,03F3743S,01F3590N,42,0,0
2024/04/16 00:50,03F3743S,01F3590N,5,0,0
2024/04/16 00:50,03F3854N,01F3590N,31,0,0
2024/04/16 00:50,03F3854N,01F3590N,32,0,0
2024/04/16 00:50,03F3854N,01F3590N,41,0,0
2024/04/16 00:50,03F3854N,01F3590N,42,0,0
2024/04/16 00:50,03F3854N,01F3590N,5,0,0
2024/04/16 00:50,01F3561S,01F3590S,31,101,25
2024/04/16 00:50,01F3561S,01F3590S,32,107,7
2024/04/16 00:50,01F3561S,01F3590S,41,0,0
2024/04/16 00:50,01F3561S,01F3590S,42,112,4
2024/04/16 00:50,01F3561S,01F3590S,5,139,4
2024/04/16 00:50,01F3676N,01F3640N,31,118,14
2024/04/16 00:50,01F3676N,01F3640N,32,130,3
2024/04/16 00:50,01F3676N,01F3640N,41,0,0
2024/04/16 00:50,01F3676N,01F3640N,42,139,8
2024/04/16 00:50,01F3676N,01F3640N,5,145,17
2024/04/16 00:50,01F3590S,01F3640S,31,177,30
2024/04/16 00:50,01F3590S,01F3640S,32,181,11
2024/04/16 00:50,01F3590S,01F3640S,41,0,0
2024/04/16 00:50,01F3590S,01F3640S,42,207,3
2024/04/16 00:50,01F3590S,01F3640S,5,209,3
2024/04/16 00:50,03F3743S,01F3640S,31,0,0
2024/04/16 00:50,03F3743S,01F3640S,32,0,0
2024/04/16 00:50,03F3743S,01F3640S,41,0,0
2024/04/16 00:50,03F3743S,01F3640S,42,0,0
2024/04/16 00:50,03F3743S,01F3640S,5,0,0
2024/04/16 00:50,03F3854N,01F3640S,31,0,0
2024/04/16 00:50,03F3854N,01F3640S,32,0,0
2024/04/16 00:50,03F3854N,01F3640S,41,0,0
2024/04/16 00:50,03F3854N,01F3640S,42,0,0
2024/04/16 00:50,03F3854N,01F3640S,5,0,0
2024/04/16 00:50,01F3696N,01F3676N,31,71,21
2024/04/16 00:50,01F3696N,01F3676N,32,72,1
2024/04/16 00:50,01F3696N,01F3676N,41,0,0
2024/04/16 00:50,01F3696N,01F3676N,42,78,5
2024/04/16 00:50,01F3696N,01F3676N,5,90,9
2024/04/16 00:50,01F3640S,01F3676S,31,118,19
2024/04/16 00:50,01F3640S,01F3676S,32,126,6
2024/04/16 00:50,01F3640S,01F3676S,41,0,0
2024/04/16 00:50,01F3640S,01F3676S,42,148,6
2024/04/16 00:50,01F3640S,01F3676S,5,135,4
2024/04/16 00:50,01F3676S,01F3686S,31,33,18
2024/04/16 00:50,01F3676S,01F3686S,32,36,7
2024/04/16 00:50,01F3676S,01F3686S,41,0,0
2024/04/16 00:50,01F3676S,01F3686S,42,39,6
2024/04/16 00:50,01F3676S,01F3686S,5,40,4
2024/04/16 00:50,01F3736N,01F3696N,31,152,4
2024/04/16 00:50,01F3736N,01F3696N,32,0,0
2024/04/16 00:50,01F3736N,01F3696N,41,0,0
2024/04/16 00:50,01F3736N,01F3696N,42,0,0
2024/04/16 00:50,01F3736N,01F3696N,5,1176,1
2024/04/16 00:50,01F3686S,01F3736S,31,0,0
2024/04/16 00:50,01F3686S,01F3736S,32,0,0
2024/04/16 00:50,01F3686S,01F3736S,41,0,0
2024/04/16 00:50,01F3686S,01F3736S,42,0,0
2024/04/16 00:50,01F3686S,01F3736S,5,0,0
2024/04/16 00:50,01F0099S,01H0163S,31,241,7
2024/04/16 00:50,01F0099S,01H0163S,32,218,4
2024/04/16 00:50,01F0099S,01H0163S,41,0,0
2024/04/16 00:50,01F0099S,01H0163S,42,0,0
2024/04/16 00:50,01F0099S,01H0163S,5,0,0
2024/04/16 00:50,03F0087S,01H0163S,31,248,2
2024/04/16 00:50,03F0087S,01H0163S,32,0,0
2024/04/16 00:50,03F0087S,01H0163S,41,0,0
2024/04/16 00:50,03F0087S,01H0163S,42,0,0
2024/04/16 00:50,03F0087S,01H0163S,5,0,0
2024/04/16 00:50,03F0116N,01H0163S,31,247,2
2024/04/16 00:50,03F0116N,01H0163S,32,0,0
2024/04/16 00:50,03F0116N,01H0163S,41,0,0
2024/04/16 00:50,03F0116N,01H0163S,42,0,0
2024/04/16 00:50,03F0116N,01H0163S,5,0,0
2024/04/16 00:50,01H0200N,01H0174N,31,95,12
2024/04/16 00:50,01H0200N,01H0174N,32,97,8
2024/04/16 00:50,01H0200N,01H0174N,41,0,0
2024/04/16 00:50,01H0200N,01H0174N,42,0,0
2024/04/16 00:50,01H0200N,01H0174N,5,0,0
2024/04/16 00:50,01H0208N,01H0200N,31,29,22
2024/04/16 00:50,01H0208N,01H0200N,32,28,15
2024/04/16 00:50,01H0208N,01H0200N,41,0,0
2024/04/16 00:50,01H0208N,01H0200N,42,0,0
2024/04/16 00:50,01H0208N,01H0200N,5,0,0
2024/04/16 00:50,01H0163S,01H0206S,31,148,16
2024/04/16 00:50,01H0163S,01H0206S,32,143,5
2024/04/16 00:50,01H0163S,01H0206S,41,0,0
2024/04/16 00:50,01H0163S,01H0206S,42,0,0
2024/04/16 00:50,01H0163S,01H0206S,5,0,0
2024/04/16 00:50,01H0271N,01H0208N,31,224,24
2024/04/16 00:50,01H0271N,01H0208N,32,240,15
2024/04/16 00:50,01H0271N,01H0208N,41,0,0
2024/04/16 00:50,01H0271N,01H0208N,42,0,0
2024/04/16 00:50,01H0271N,01H0208N,5,0,0
2024/04/16 00:50,01F0340N,01H0271N,31,243,8
2024/04/16 00:50,01F0340N,01H0271N,32,259,3
2024/04/16 00:50,01F0340N,01H0271N,41,0,0
2024/04/16 00:50,01F0340N,01H0271N,42,0,0
2024/04/16 00:50,01F0340N,01H0271N,5,0,0
2024/04/16 00:50,01H0333N,01H0271N,31,211,17
2024/04/16 00:50,01H0333N,01H0271N,32,244,2
2024/04/16 00:50,01H0333N,01H0271N,41,0,0
2024/04/16 00:50,01H0333N,01H0271N,42,0,0
2024/04/16 00:50,01H0333N,01H0271N,5,0,0
2024/04/16 00:50,01H0206S,01H0305S,31,358,21
2024/04/16 00:50,01H0206S,01H0305S,32,350,7
2024/04/16 00:50,01H0206S,01H0305S,41,0,0
2024/04/16 00:50,01H0206S,01H0305S,42,431,1
2024/04/16 00:50,01H0206S,01H0305S,5,0,0
2024/04/16 00:50,01H0447N,01H0333N,31,407,10
2024/04/16 00:50,01H0447N,01H0333N,32,420,3
2024/04/16 00:50,01H0447N,01H0333N,41,0,0
2024/04/16 00:50,01H0447N,01H0333N,42,0,0
2024/04/16 00:50,01H0447N,01H0333N,5,0,0
2024/04/16 00:50,01H0305S,01H0334S,31,104,10
2024/04/16 00:50,01H0305S,01H0334S,32,101,3
2024/04/16 00:50,01H0305S,01H0334S,41,0,0
2024/04/16 00:50,01H0305S,01H0334S,42,0,0
2024/04/16 00:50,01H0305S,01H0334S,5,0,0
2024/04/16 00:50,01H0579N,01H0447N,31,460,7
2024/04/16 00:50,01H0579N,01H0447N,32,465,4
2024/04/16 00:50,01H0579N,01H0447N,41,0,0
2024/04/16 00:50,01H0579N,01H0447N,42,0,0
2024/04/16 00:50,01H0579N,01H0447N,5,0,0
2024/04/16 00:50,01F0339S,01H0447S,31,382,23
2024/04/16 00:50,01F0339S,01H0447S,32,391,2
2024/04/16 00:50,01F0339S,01H0447S,41,0,0
2024/04/16 00:50,01F0339S,01H0447S,42,0,0
2024/04/16 00:50,01F0339S,01H0447S,5,0,0
2024/04/16 00:50,01H0334S,01H0447S,31,407,13
2024/04/16 00:50,01H0334S,01H0447S,32,478,2
2024/04/16 00:50,01H0334S,01H0447S,41,0,0
2024/04/16 00:50,01H0334S,01H0447S,42,0,0
2024/04/16 00:50,01H0334S,01H0447S,5,0,0
2024/04/16 00:50,01F0633N,01H0579N,31,195,5
2024/04/16 00:50,01F0633N,01H0579N,32,205,3
2024/04/16 00:50,01F0633N,01H0579N,41,0,0
2024/04/16 00:50,01F0633N,01H0579N,42,0,0
2024/04/16 00:50,01F0633N,01H0579N,5,0,0
2024/04/16 00:50,01H0608N,01H0579N,31,97,10
2024/04/16 00:50,01H0608N,01H0579N,32,102,2
2024/04/16 00:50,01H0608N,01H0579N,41,0,0
2024/04/16 00:50,01H0608N,01H0579N,42,0,0
2024/04/16 00:50,01H0608N,01H0579N,5,0,0
2024/04/16 00:50,01H0447S,01H0579S,31,458,22
2024/04/16 00:50,01H0447S,01H0579S,32,463,10
2024/04/16 00:50,01H0447S,01H0579S,41,0,0
2024/04/16 00:50,01H0447S,01H0579S,42,0,0
2024/04/16 00:50,01H0447S,01H0579S,5,0,0
2024/04/16 00:50,01F0750N,01H0608N,31,485,13
2024/04/16 00:50,01F0750N,01H0608N,32,503,1
2024/04/16 00:50,01F0750N,01H0608N,41,0,0
2024/04/16 00:50,01F0750N,01H0608N,42,0,0
2024/04/16 00:50,01F0750N,01H0608N,5,0,0
2024/04/16 00:50,01F0578S,01H0610S,31,113,5
2024/04/16 00:50,01F0578S,01H0610S,32,116,1
2024/04/16 00:50,01F0578S,01H0610S,41,0,0
2024/04/16 00:50,01F0578S,01H0610S,42,0,0
2024/04/16 00:50,01F0578S,01H0610S,5,0,0
2024/04/16 00:50,01H0579S,01H0610S,31,117,24
2024/04/16 00:50,01H0579S,01H0610S,32,118,7
2024/04/16 00:50,01H0579S,01H0610S,41,131,1
2024/04/16 00:50,01H0579S,01H0610S,42,0,0
2024/04/16 00:50,01H0579S,01H0610S,5,0,0
2024/04/16 00:50,03A0041N,03A0015N,31,115,3
2024/04/16 00:50,03A0041N,03A0015N,32,0,0
2024/04/16 00:50,03A0041N,03A0015N,41,0,0
2024/04/16 00:50,03A0041N,03A0015N,42,0,0
2024/04/16 00:50,03A0041N,03A0015N,5,0,0
2024/04/16 00:50,03F0201S,03A0041N,31,61,2
2024/04/16 00:50,03F0201S,03A0041N,32,67,1
2024/04/16 00:50,03F0201S,03A0041N,41,0,0
2024/04/16 00:50,03F0201S,03A0041N,42,0,0
2024/04/16 00:50,03F0201S,03A0041N,5,0,0
2024/04/16 00:50,03F0217N,03A0041N,31,102,4
2024/04/16 00:50,03F0217N,03A0041N,32,0,0
2024/04/16 00:50,03F0217N,03A0041N,41,0,0
2024/04/16 00:50,03F0217N,03A0041N,42,0,0
2024/04/16 00:50,03F0217N,03A0041N,5,0,0
2024/04/16 00:50,03A0015S,03A0041S,31,118,4
2024/04/16 00:50,03A0015S,03A0041S,32,110,1
2024/04/16 00:50,03A0015S,03A0041S,41,0,0
2024/04/16 00:50,03A0015S,03A0041S,42,0,0
2024/04/16 00:50,03A0015S,03A0041S,5,0,0
2024/04/16 00:50,03F0054N,03F0021N,31,135,13
2024/04/16 00:50,03F0054N,03F0021N,32,132,2
2024/04/16 00:50,03F0054N,03F0021N,41,0,0
2024/04/16 00:50,03F0054N,03F0021N,42,135,2
2024/04/16 00:50,03F0054N,03F0021N,5,150,1
2024/04/16 00:50,01F0099S,03F0054N,31,0,0
2024/04/16 00:50,01F0099S,03F0054N,32,0,0
2024/04/16 00:50,01F0099S,03F0054N,41,0,0
2024/04/16 00:50,01F0099S,03F0054N,42,0,0
2024/04/16 00:50,01F0099S,03F0054N,5,0,0
2024/04/16 00:50,01F0147N,03F0054N,31,343,4
2024/04/16 00:50,01F0147N,03F0054N,32,0,0
2024/04/16 00:50,01F0147N,03F0054N,41,0,0
2024/04/16 00:50,01F0147N,03F0054N,42,0,0
2024/04/16 00:50,01F0147N,03F0054N,5,0,0
2024/04/16 00:50,01H0174N,03F0054N,31,434,2
2024/04/16 00:50,01H0174N,03F0054N,32,0,0
2024/04/16 00:50,01H0174N,03F0054N,41,0,0
2024/04/16 00:50,01H0174N,03F0054N,42,0,0
2024/04/16 00:50,01H0174N,03F0054N,5,0,0
2024/04/16 00:50,03F0116N,03F0054N,31,241,4
2024/04/16 00:50,03F0116N,03F0054N,32,236,2
2024/04/16 00:50,03F0116N,03F0054N,41,0,0
2024/04/16 00:50,03F0116N,03F0054N,42,247,1
2024/04/16 00:50,03F0116N,03F0054N,5,0,0
2024/04/16 00:50,03F0006S,03F0087S,31,0,0
2024/04/16 00:50,03F0006S,03F0087S,32,300,1
2024/04/16 00:50,03F0006S,03F0087S,41,0,0
2024/04/16 00:50,03F0006S,03F0087S,42,0,0
2024/04/16 00:50,03F0006S,03F0087S,5,0,0
2024/04/16 00:50,03F0140N,03F0116N,31,88,10
2024/04/16 00:50,03F0140N,03F0116N,32,89,4
2024/04/16 00:50,03F0140N,03F0116N,41,0,0
2024/04/16 00:50,03F0140N,03F0116N,42,0,0
2024/04/16 00:50,03F0140N,03F0116N,5,0,0
2024/04/16 00:50,01F0099S,03F0116S,31,118,10
2024/04/16 00:50,01F0099S,03F0116S,32,126,1
2024/04/16 00:50,01F0099S,03F0116S,41,0,0
2024/04/16 00:50,01F0099S,03F0116S,42,0,0
2024/04/16 00:50,01F0099S,03F0116S,5,129,3
2024/04/16 00:50,01F0147N,03F0116S,31,1687,2
2024/04/16 00:50,01F0147N,03F0116S,32,0,0
2024/04/16 00:50,01F0147N,03F0116S,41,0,0
2024/04/16 00:50,01F0147N,03F0116S,42,0,0
2024/04/16 00:50,01F0147N,03F0116S,5,1212,3
2024/04/16 00:50,01H0174N,03F0116S,31,249,4
2024/04/16 00:50,01H0174N,03F0116S,32,398,1
2024/04/16 00:50,01H0174N,03F0116S,41,0,0
2024/04/16 00:50,01H0174N,03F0116S,42,0,0
2024/04/16 00:50,01H0174N,03F0116S,5,0,0
2024/04/16 00:50,03F0087S,03F0116S,31,124,1
2024/04/16 00:50,03F0087S,03F0116S,32,105,1
2024/04/16 00:50,03F0087S,03F0116S,41,0,0
2024/04/16 00:50,03F0087S,03F0116S,42,0,0
2024/04/16 00:50,03F0087S,03F0116S,5,0,0
2024/04/16 00:50,03F0116S,03F0136S,31,86,18
2024/04/16 00:50,03F0116S,03F0136S,32,93,2
2024/04/16 00:50,03F0116S,03F0136S,41,0,0
2024/04/16 00:50,03F0116S,03F0136S,42,0,0
2024/04/16 00:50,03F0116S,03F0136S,5,0,0
2024/04/16 00:50,03F0150N,03F0140N,31,37,10
2024/04/16 00:50,03F0150N,03F0140N,32,34,5
2024/04/16 00:50,03F0150N,03F0140N,41,0,0
2024/04/16 00:50,03F0150N,03F0140N,42,38,1
2024/04/16 00:50,03F0150N,03F0140N,5,39,1
2024/04/16 00:50,03F0201N,03F0150N,31,189,9
2024/04/16 00:50,03F0201N,03F0150N,32,189,2
2024/04/16 00:50,03F0201N,03F0150N,41,0,0
2024/04/16 00:50,03F0201N,03F0150N,42,206,1
2024/04/16 00:50,03F0201N,03F0150N,5,212,1
2024/04/16 00:50,05F0001N,03F0150N,31,47,4
2024/04/16 00:50,05F0001N,03F0150N,32,38,4
2024/04/16 00:50,05F0001N,03F0150N,41,0,0
2024/04/16 00:50,05F0001N,03F0150N,42,0,0
2024/04/16 00:50,05F0001N,03F0150N,5,0,0
2024/04/16 00:50,03F0136S,03F0158S,31,82,20
2024/04/16 00:50,03F0136S,03F0158S,32,76,7
2024/04/16 00:50,03F0136S,03F0158S,41,0,0
2024/04/16 00:50,03F0136S,03F0158S,42,0,0
2024/04/16 00:50,03F0136S,03F0158S,5,0,0
2024/04/16 00:50,03A0041S,03F0201N,31,0,0
2024/04/16 00:50,03A0041S,03F0201N,32,127,1
2024/04/16 00:50,03A0041S,03F0201N,41,0,0
2024/04/16 00:50,03A0041S,03F0201N,42,0,0
2024/04/16 00:50,03A0041S,03F0201N,5,0,0
2024/04/16 00:50,03F0217N,03F0201N,31,58,6
2024/04/16 00:50,03F0217N,03F0201N,32,58,4
2024/04/16 00:50,03F0217N,03F0201N,41,0,0
2024/04/16 00:50,03F0217N,03F0201N,42,56,1
2024/04/16 00:50,03F0217N,03F0201N,5,65,2
2024/04/16 00:50,03F0158S,03F0201S,31,166,14
2024/04/16 00:50,03F0158S,03F0201S,32,164,4
2024/04/16 00:50,03F0158S,03F0201S,41,0,0
2024/04/16 00:50,03F0158S,03F0201S,42,179,1
2024/04/16 00:50,03F0158S,03F0201S,5,0,0
2024/04/16 00:50,05F0001N,03F0201S,31,199,2
2024/04/16 00:50,05F0001N,03F0201S,32,224,1
2024/04/16 00:50,05F0001N,03F0201S,41,0,0
2024/04/16 00:50,05F0001N,03F0201S,42,0,0
2024/04/16 00:50,05F0001N,03F0201S,5,0,0
2024/04/16 00:50,03F0301N,03F0217N,31,332,12
2024/04/16 00:50,03F0301N,03F0217N,32,331,6
2024/04/16 00:50,03F0301N,03F0217N,41,0,0
2024/04/16 00:50,03F0301N,03F0217N,42,0,0
2024/04/16 00:50,03F0301N,03F0217N,5,362,2
2024/04/16 00:50,03A0041S,03F0217S,31,73,2
2024/04/16 00:50,03A0041S,03F0217S,32,81,1
2024/04/16 00:50,03A0041S,03F0217S,41,0,0
2024/04/16 00:50,03A0041S,03F0217S,42,87,2
2024/04/16 00:50,03A0041S,03F0217S,5,0,0
2024/04/16 00:50,03F0201S,03F0217S,31,60,9
2024/04/16 00:50,03F0201S,03F0217S,32,59,4
2024/04/16 00:50,03F0201S,03F0217S,41,0,0
2024/04/16 00:50,03F0201S,03F0217S,42,61,1
2024/04/16 00:50,03F0201S,03F0217S,5,0,0
2024/04/16 00:50,03F0338N,03F0301N,31,137,15
2024/04/16 00:50,03F0338N,03F0301N,32,147,4
2024/04/16 00:50,03F0338N,03F0301N,41,0,0
2024/04/16 00:50,03F0338N,03F0301N,42,154,2
2024/04/16 00:50,03F0338N,03F0301N,5,0,0
2024/04/16 00:50,03F0217S,03F0301S,31,319,26
2024/04/16 00:50,03F0217S,03F0301S,32,325,5
2024/04/16 00:50,03F0217S,03F0301S,41,0,0
2024/04/16 00:50,03F0217S,03F0301S,42,379,1
2024/04/16 00:50,03F0217S,03F0301S,5,344,1
2024/04/16 00:50,03F0301S,03F0337S,31,139,14
2024/04/16 00:50,03F0301S,03F0337S,32,140,6
2024/04/16 00:50,03F0301S,03F0337S,41,0,0
2024/04/16 00:50,03F0301S,03F0337S,42,160,1
2024/04/16 00:50,03F0301S,03F0337S,5,153,1
2024/04/16 00:50,03F0394N,03F0338N,31,206,16
2024/04/16 00:50,03F0394N,03F0338N,32,265,4
2024/04/16 00:50,03F0394N,03F0338N,41,234,1
2024/04/16 00:50,03F0394N,03F0338N,42,234,1
2024/04/16 00:50,03F0394N,03F0338N,5,0,0
2024/04/16 00:50,03F0447N,03F0394N,31,180,33
2024/04/16 00:50,03F0447N,03F0394N,32,186,7
2024/04/16 00:50,03F0447N,03F0394N,41,208,1
2024/04/16 00:50,03F0447N,03F0394N,42,201,3
2024/04/16 00:50,03F0447N,03F0394N,5,219,3
2024/04/16 00:50,03F0337S,03F0394S,31,206,17
2024/04/16 00:50,03F0337S,03F0394S,32,221,5
2024/04/16 00:50,03F0337S,03F0394S,41,0,0
2024/04/16 00:50,03F0337S,03F0394S,42,268,3
2024/04/16 00:50,03F0337S,03F0394S,5,216,1
2024/04/16 00:50,03F0498N,03F0447N,31,169,50
2024/04/16 00:50,03F0498N,03F0447N,32,169,9
2024/04/16 00:50,03F0498N,03F0447N,41,0,0
2024/04/16 00:50,03F0498N,03F0447N,42,196,5
2024/04/16 00:50,03F0498N,03F0447N,5,204,2
2024/04/16 00:50,03F0394S,03F0447S,31,182,26
2024/04/16 00:50,03F0394S,03F0447S,32,192,10
2024/04/16 00:50,03F0394S,03F0447S,41,0,0
2024/04/16 00:50,03F0394S,03F0447S,42,204,4
2024/04/16 00:50,03F0394S,03F0447S,5,223,7
2024/04/16 00:50,03F0525N,03F0498N,31,91,41
2024/04/16 00:50,03F0525N,03F0498N,32,87,7
2024/04/16 00:50,03F0525N,03F0498N,41,390,1
2024/04/16 00:50,03F0525N,03F0498N,42,95,5
2024/04/16 00:50,03F0525N,03F0498N,5,116,2
2024/04/16 00:50,03F0447S,03F0498S,31,171,47
2024/04/16 00:50,03F0447S,03F0498S,32,174,13
2024/04/16 00:50,03F0447S,03F0498S,41,0,0
2024/04/16 00:50,03F0447S,03F0498S,42,211,4
2024/04/16 00:50,03F0447S,03F0498S,5,201,5
2024/04/16 00:50,01F0511S,03F0525N,31,650,2
2024/04/16 00:50,01F0511S,03F0525N,32,674,1
2024/04/16 00:50,01F0511S,03F0525N,41,0,0
2024/04/16 00:50,01F0511S,03F0525N,42,0,0
2024/04/16 00:50,01F0511S,03F0525N,5,0,0
2024/04/16 00:50,01F0532N,03F0525N,31,513,5
2024/04/16 00:50,01F0532N,03F0525N,32,364,1
2024/04/16 00:50,01F0532N,03F0525N,41,0,0
2024/04/16 00:50,01F0532N,03F0525N,42,2425,1
2024/04/16 00:50,01F0532N,03F0525N,5,0,0
2024/04/16 00:50,03F0559N,03F0525N,31,116,20
2024/04/16 00:50,03F0559N,03F0525N,32,114,2
2024/04/16 00:50,03F0559N,03F0525N,41,0,0
2024/04/16 00:50,03F0559N,03F0525N,42,119,3
2024/04/16 00:50,03F0559N,03F0525N,5,142,3
2024/04/16 00:50,03F0498S,03F0525S,31,90,44
2024/04/16 00:50,03F0498S,03F0525S,32,98,12
2024/04/16 00:50,03F0498S,03F0525S,41,0,0
2024/04/16 00:50,03F0498S,03F0525S,42,112,2
2024/04/16 00:50,03F0498S,03F0525S,5,108,5
2024/04/16 00:50,03F0648N,03F0559N,31,285,19
2024/04/16 00:50,03F0648N,03F0559N,32,277,3
2024/04/16 00:50,03F0648N,03F0559N,41,0,0
2024/04/16 00:50,03F0648N,03F0559N,42,503,1
2024/04/16 00:50,03F0648N,03F0559N,5,380,1
2024/04/16 00:50,01F0511S,03F0559S,31,585,2
2024/04/16 00:50,01F0511S,03F0559S,32,0,0
2024/04/16 00:50,01F0511S,03F0559S,41,0,0
2024/04/16 00:50,01F0511S,03F0559S,42,0,0
2024/04/16 00:50,01F0511S,03F0559S,5,0,0
2024/04/16 00:50,01F0532N,03F0559S,31,0,0
2024/04/16 00:50,01F0532N,03F0559S,32,0,0
2024/04/16 00:50,01F0532N,03F0559S,41,0,0
2024/04/16 00:50,01F0532N,03F0559S,42,0,0
2024/04/16 00:50,01F0532N,03F0559S,5,0,0
2024/04/16 00:50,03F0525S,03F0559S,31,112,31
2024/04/16 00:50,03F0525S,03F0559S,32,115,8
2024/04/16 00:50,03F0525S,03F0559S,41,0,0
2024/04/16 00:50,03F0525S,03F0559S,42,145,4
2024/04/16 00:50,03F0525S,03F0559S,5,127,3
2024/04/16 00:50,03F0698N,03F0648N,31,174,17
2024/04/16 00:50,03F0698N,03F0648N,32,176,8
2024/04/16 00:50,03F0698N,03F0648N,41,0,0
2024/04/16 00:50,03F0698N,03F0648N,42,191,3
2024/04/16 00:50,03F0698N,03F0648N,5,215,2
2024/04/16 00:50,03F0559S,03F0648S,31,277,19
2024/04/16 00:50,03F0559S,03F0648S,32,298,4
2024/04/16 00:50,03F0559S,03F0648S,41,0,0
2024/04/16 00:50,03F0559S,03F0648S,42,310,5
2024/04/16 00:50,03F0559S,03F0648S,5,341,3
2024/04/16 00:50,03F0746N,03F0698N,31,158,23
2024/04/16 00:50,03F0746N,03F0698N,32,163,6
2024/04/16 00:50,03F0746N,03F0698N,41,0,0
2024/04/16 00:50,03F0746N,03F0698N,42,167,1
2024/04/16 00:50,03F0746N,03F0698N,5,196,4
2024/04/16 00:50,03F0648S,03F0698S,31,165,19
2024/04/16 00:50,03F0648S,03F0698S,32,159,6
2024/04/16 00:50,03F0648S,03F0698S,41,0,0
2024/04/16 00:50,03F0648S,03F0698S,42,185,3
2024/04/16 00:50,03F0648S,03F0698S,5,218,4
2024/04/16 00:50,03F0746S,03F0746N,31,0,0
2024/04/16 00:50,03F0746S,03F0746N,32,0,0
2024/04/16 00:50,03F0746S,03F0746N,41,0,0
2024/04/16 00:50,03F0746S,03F0746N,42,0,0
2024/04/16 00:50,03F0746S,03F0746N,5,0,0
2024/04/16 00:50,03F0783N,03F0746N,31,121,21
2024/04/16 00:50,03F0783N,03F0746N,32,131,5
2024/04/16 00:50,03F0783N,03F0746N,41,0,0
2024/04/16 00:50,03F0783N,03F0746N,42,123,1
2024/04/16 00:50,03F0783N,03F0746N,5,164,2
2024/04/16 00:50,03F0698S,03F0746S,31,154,14
2024/04/16 00:50,03F0698S,03F0746S,32,164,4
2024/04/16 00:50,03F0698S,03F0746S,41,0,0
2024/04/16 00:50,03F0698S,03F0746S,42,243,3
2024/04/16 00:50,03F0698S,03F0746S,5,251,7
2024/04/16 00:50,03F0846N,03F0783N,31,202,11
2024/04/16 00:50,03F0846N,03F0783N,32,215,7
2024/04/16 00:50,03F0846N,03F0783N,41,0,0
2024/04/16 00:50,03F0846N,03F0783N,42,233,2
2024/04/16 00:50,03F0846N,03F0783N,5,259,5
2024/04/16 00:50,03F0746S,03F0783S,31,112,13
2024/04/16 00:50,03F0746S,03F0783S,32,122,2
2024/04/16 00:50,03F0746S,03F0783S,41,0,0
2024/04/16 00:50,03F0746S,03F0783S,42,131,7
2024/04/16 00:50,03F0746S,03F0783S,5,139,6
2024/04/16 00:50,03F0783N,03F0783S,31,2435,1
2024/04/16 00:50,03F0783N,03F0783S,32,0,0
2024/04/16 00:50,03F0783N,03F0783S,41,0,0
2024/04/16 00:50,03F0783N,03F0783S,42,0,0
2024/04/16 00:50,03F0783N,03F0783S,5,0,0
2024/04/16 00:50,03F0961N,03F0846N,31,375,14
2024/04/16 00:50,03F0961N,03F0846N,32,363,3
2024/04/16 00:50,03F0961N,03F0846N,41,0,0
2024/04/16 00:50,03F0961N,03F0846N,42,453,3
2024/04/16 00:50,03F0961N,03F0846N,5,463,4
2024/04/16 00:50,03F0783S,03F0846S,31,211,13
2024/04/16 00:50,03F0783S,03F0846S,32,194,2
2024/04/16 00:50,03F0783S,03F0846S,41,0,0
2024/04/16 00:50,03F0783S,03F0846S,42,206,2
2024/04/16 00:50,03F0783S,03F0846S,5,257,3
2024/04/16 00:50,03F0996N,03F0961N,31,122,11
2024/04/16 00:50,03F0996N,03F0961N,32,145,2
2024/04/16 00:50,03F0996N,03F0961N,41,0,0
2024/04/16 00:50,03F0996N,03F0961N,42,145,2
2024/04/16 00:50,03F0996N,03F0961N,5,153,4
2024/04/16 00:50,03F0846S,03F0961S,31,361,15
2024/04/16 00:50,03F0846S,03F0961S,32,460,2
2024/04/16 00:50,03F0846S,03F0961S,41,0,0
2024/04/16 00:50,03F0846S,03F0961S,42,0,0
2024/04/16 00:50,03F0846S,03F0961S,5,504,1
2024/04/16 00:50,01F0980S,03F0996N,31,137,1
2024/04/16 00:50,01F0980S,03F0996N,32,0,0
2024/04/16 00:50,01F0980S,03F0996N,41,0,0
2024/04/16 00:50,01F0980S,03F0996N,42,0,0
2024/04/16 00:50,01F0980S,03F0996N,5,0,0
2024/04/16 00:50,01F1045N,03F0996N,31,216,12
2024/04/16 00:50,01F1045N,03F0996N,32,243,2
2024/04/16 00:50,01F1045N,03F0996N,41,0,0
2024/04/16 00:50,01F1045N,03F0996N,42,260,1
2024/04/16 00:50,01F1045N,03F0996N,5,245,1
2024/04/16 00:50,03F1022N,03F0996N,31,81,4
2024/04/16 00:50,03F1022N,03F0996N,32,0,0
2024/04/16 00:50,03F1022N,03F0996N,41,0,0
2024/04/16 00:50,03F1022N,03F0996N,42,102,6
2024/04/16 00:50,03F1022N,03F0996N,5,97,4
2024/04/16 00:50,03F0961S,03F0996S,31,118,14
2024/04/16 00:50,03F0961S,03F0996S,32,313,1
2024/04/16 00:50,03F0961S,03F0996S,41,0,0
2024/04/16 00:50,03F0961S,03F0996S,42,133,4
2024/04/16 00:50,03F0961S,03F0996S,5,128,3
2024/04/16 00:50,03F1051N,03F1022N,31,90,11
2024/04/16 00:50,03F1051N,03F1022N,32,0,0
2024/04/16 00:50,03F1051N,03F1022N,41,131,1
2024/04/16 00:50,03F1051N,03F1022N,42,116,9
2024/04/16 00:50,03F1051N,03F1022N,5,126,10
2024/04/16 00:50,01F0980S,03F1022S,31,107,10
2024/04/16 00:50,01F0980S,03F1022S,32,106,7
2024/04/16 00:50,01F0980S,03F1022S,41,127,1
2024/04/16 00:50,01F0980S,03F1022S,42,119,4
2024/04/16 00:50,01F0980S,03F1022S,5,129,6
2024/04/16 00:50,01F1045N,03F1022S,31,0,0
2024/04/16 00:50,01F1045N,03F1022S,32,0,0
2024/04/16 00:50,01F1045N,03F1022S,41,0,0
2024/04/16 00:50,01F1045N,03F1022S,42,0,0
2024/04/16 00:50,01F1045N,03F1022S,5,0,0
2024/04/16 00:50,03F0996S,03F1022S,31,82,9
2024/04/16 00:50,03F0996S,03F1022S,32,0,0
2024/04/16 00:50,03F0996S,03F1022S,41,0,0
2024/04/16 00:50,03F0996S,03F1022S,42,104,2
2024/04/16 00:50,03F0996S,03F1022S,5,95,3
2024/04/16 00:50,03F1128N,03F1051N,31,258,8
2024/04/16 00:50,03F1128N,03F1051N,32,273,2
2024/04/16 00:50,03F1128N,03F1051N,41,0,0
2024/04/16 00:50,03F1128N,03F1051N,42,287,9
2024/04/16 00:50,03F1128N,03F1051N,5,312,11
2024/04/16 00:50,03F1022S,03F1051S,31,89,13
2024/04/16 00:50,03F1022S,03F1051S,32,94,4
2024/04/16 00:50,03F1022S,03F1051S,41,0,0
2024/04/16 00:50,03F1022S,03F1051S,42,108,6
2024/04/16 00:50,03F1022S,03F1051S,5,105,14
2024/04/16 00:50,03F1161N,03F1128N,31,114,5
2024/04/16 00:50,03F1161N,03F1128N,32,108,2
2024/04/16 00:50,03F1161N,03F1128N,41,0,0
2024/04/16 00:50,03F1161N,03F1128N,42,145,4
2024/04/16 00:50,03F1161N,03F1128N,5,146,10
2024/04/16 00:50,03F1051S,03F1128S,31,254,25
2024/04/16 00:50,03F1051S,03F1128S,32,255,1
2024/04/16 00:50,03F1051S,03F1128S,41,0,0
2024/04/16 00:50,03F1051S,03F1128S,42,292,7
2024/04/16 00:50,03F1051S,03F1128S,5,304,9
2024/04/16 00:50,03F1215N,03F1161N,31,172,6
2024/04/16 00:50,03F1215N,03F1161N,32,176,2
2024/04/16 00:50,03F1215N,03F1161N,41,0,0
2024/04/16 00:50,03F1215N,03F1161N,42,192,1
2024/04/16 00:50,03F1215N,03F1161N,5,218,4
2024/04/16 00:50,03F1128S,03F1161S,31,107,14
2024/04/16 00:50,03F1128S,03F1161S,32,0,0
2024/04/16 00:50,03F1128S,03F1161S,41,0,0
2024/04/16 00:50,03F1128S,03F1161S,42,125,7
2024/04/16 00:50,03F1128S,03F1161S,5,130,12
2024/04/16 00:50,03F1257N,03F1215N,31,131,7
2024/04/16 00:50,03F1257N,03F1215N,32,136,2
2024/04/16 00:50,03F1257N,03F1215N,41,0,0
2024/04/16 00:50,03F1257N,03F1215N,42,196,5
2024/04/16 00:50,03F1257N,03F1215N,5,189,8
2024/04/16 00:50,03F1161S,03F1215S,31,170,9
2024/04/16 00:50,03F1161S,03F1215S,32,174,3
2024/04/16 00:50,03F1161S,03F1215S,41,0,0
2024/04/16 00:50,03F1161S,03F1215S,42,219,7
2024/04/16 00:50,03F1161S,03F1215S,5,223,15
2024/04/16 00:50,03F1332N,03F1257N,31,235,9
2024/04/16 00:50,03F1332N,03F1257N,32,223,4
2024/04/16 00:50,03F1332N,03F1257N,41,0,0
2024/04/16 00:50,03F1332N,03F1257N,42,250,4
2024/04/16 00:50,03F1332N,03F1257N,5,293,7
2024/04/16 00:50,03F1215S,03F1257S,31,139,13
2024/04/16 00:50,03F1215S,03F1257S,32,135,6
2024/04/16 00:50,03F1215S,03F1257S,41,0,0
2024/04/16 00:50,03F1215S,03F1257S,42,176,8
2024/04/16 00:50,03F1215S,03F1257S,5,163,14
2024/04/16 00:50,03F1395N,03F1332N,31,214,12
2024/04/16 00:50,03F1395N,03F1332N,32,189,4
2024/04/16 00:50,03F1395N,03F1332N,41,0,0
2024/04/16 00:50,03F1395N,03F1332N,42,216,3
2024/04/16 00:50,03F1395N,03F1332N,5,255,4
2024/04/16 00:50,03F1257S,03F1332S,31,264,3
2024/04/16 00:50,03F1257S,03F1332S,32,247,2
2024/04/16 00:50,03F1257S,03F1332S,41,0,0
2024/04/16 00:50,03F1257S,03F1332S,42,325,4
2024/04/16 00:50,03F1257S,03F1332S,5,303,8
2024/04/16 00:50,03F1485N,03F1395N,31,277,13
2024/04/16 00:50,03F1485N,03F1395N,32,305,3
2024/04/16 00:50,03F1485N,03F1395N,41,0,0
2024/04/16 00:50,03F1485N,03F1395N,42,345,6
2024/04/16 00:50,03F1485N,03F1395N,5,346,3
2024/04/16 00:50,03F1332S,03F1395S,31,202,11
2024/04/16 00:50,03F1332S,03F1395S,32,223,1
2024/04/16 00:50,03F1332S,03F1395S,41,0,0
2024/04/16 00:50,03F1332S,03F1395S,42,229,9
2024/04/16 00:50,03F1332S,03F1395S,5,249,10
2024/04/16 00:50,03F1633N,03F1485N,31,455,9
2024/04/16 00:50,03F1633N,03F1485N,32,607,2
2024/04/16 00:50,03F1633N,03F1485N,41,0,0
2024/04/16 00:50,03F1633N,03F1485N,42,611,3
2024/04/16 00:50,03F1633N,03F1485N,5,670,4
2024/04/16 00:50,03F1395S,03F1485S,31,294,8
2024/04/16 00:50,03F1395S,03F1485S,32,304,3
2024/04/16 00:50,03F1395S,03F1485S,41,0,0
2024/04/16 00:50,03F1395S,03F1485S,42,332,8
2024/04/16 00:50,03F1395S,03F1485S,5,366,21
2024/04/16 00:50,03F1651N,03F1633N,31,55,10
2024/04/16 00:50,03F1651N,03F1633N,32,54,1
2024/04/16 00:50,03F1651N,03F1633N,41,0,0
2024/04/16 00:50,03F1651N,03F1633N,42,0,0
2024/04/16 00:50,03F1651N,03F1633N,5,69,7
2024/04/16 00:50,03F1485S,03F1633S,31,482,13
2024/04/16 00:50,03F1485S,03F1633S,32,447,2
2024/04/16 00:50,03F1485S,03F1633S,41,0,0
2024/04/16 00:50,03F1485S,03F1633S,42,543,5
2024/04/16 00:50,03F1485S,03F1633S,5,625,9
2024/04/16 00:50,01F1621S,03F1651N,31,0,0
2024/04/16 00:50,01F1621S,03F1651N,32,0,0
2024/04/16 00:50,01F1621S,03F1651N,41,0,0
2024/04/16 00:50,01F1621S,03F1651N,42,0,0
2024/04/16 00:50,01F1621S,03F1651N,5,0,0
2024/04/16 00:50,01F1664N,03F1651N,31,503,5
2024/04/16 00:50,01F1664N,03F1651N,32,0,0
2024/04/16 00:50,01F1664N,03F1651N,41,0,0
2024/04/16 00:50,01F1664N,03F1651N,42,517,1
2024/04/16 00:50,01F1664N,03F1651N,5,0,0
2024/04/16 00:50,03F1710N,03F1651N,31,184,7
2024/04/16 00:50,03F1710N,03F1651N,32,187,2
2024/04/16 00:50,03F1710N,03F1651N,41,0,0
2024/04/16 00:50,03F1710N,03F1651N,42,0,0
2024/04/16 00:50,03F1710N,03F1651N,5,233,7
2024/04/16 00:50,03F1633S,03F1651S,31,57,9
2024/04/16 00:50,03F1633S,03F1651S,32,56,3
2024/04/16 00:50,03F1633S,03F1651S,41,0,0
2024/04/16 00:50,03F1633S,03F1651S,42,61,8
2024/04/16 00:50,03F1633S,03F1651S,5,74,9
2024/04/16 00:50,03F1710S,03F1710N,31,0,0
2024/04/16 00:50,03F1710S,03F1710N,32,0,0
2024/04/16 00:50,03F1710S,03F1710N,41,0,0
2024/04/16 00:50,03F1710S,03F1710N,42,0,0
2024/04/16 00:50,03F1710S,03F1710N,5,2937,1
2024/04/16 00:50,03F1739N,03F1710N,31,95,9
2024/04/16 00:50,03F1739N,03F1710N,32,91,4
2024/04/16 00:50,03F1739N,03F1710N,41,0,0
2024/04/16 00:50,03F1739N,03F1710N,42,121,2
2024/04/16 00:50,03F1739N,03F1710N,5,116,6
2024/04/16 00:50,01F1621S,03F1710S,31,617,1
2024/04/16 00:50,01F1621S,03F1710S,32,0,0
2024/04/16 00:50,01F1621S,03F1710S,41,0,0
2024/04/16 00:50,01F1621S,03F1710S,42,0,0
2024/04/16 00:50,01F1621S,03F1710S,5,0,0
2024/04/16 00:50,01F1664N,03F1710S,31,462,1
2024/04/16 00:50,01F1664N,03F1710S,32,0,0
2024/04/16 00:50,01F1664N,03F1710S,41,0,0
2024/04/16 00:50,01F1664N,03F1710S,42,0,0
2024/04/16 00:50,01F1664N,03F1710S,5,0,0
2024/04/16 00:50,03F1651S,03F1710S,31,185,13
2024/04/16 00:50,03F1651S,03F1710S,32,195,3
2024/04/16 00:50,03F1651S,03F1710S,41,0,0
2024/04/16 00:50,03F1651S,03F1710S,42,232,6
2024/04/16 00:50,03F1651S,03F1710S,5,240,5
2024/04/16 00:50,03F1779N,03F1739N,31,130,4
2024/04/16 00:50,03F1779N,03F1739N,32,122,3
2024/04/16 00:50,03F1779N,03F1739N,41,0,0
2024/04/16 00:50,03F1779N,03F1739N,42,154,3
2024/04/16 00:50,03F1779N,03F1739N,5,162,5
2024/04/16 00:50,03F1710S,03F1739S,31,93,14
2024/04/16 00:50,03F1710S,03F1739S,32,93,1
2024/04/16 00:50,03F1710S,03F1739S,41,0,0
2024/04/16 00:50,03F1710S,03F1739S,42,116,4
2024/04/16 00:50,03F1710S,03F1739S,5,119,6
2024/04/16 00:50,03F1739N,03F1739S,31,0,0
2024/04/16 00:50,03F1739N,03F1739S,32,0,0
2024/04/16 00:50,03F1739N,03F1739S,41,0,0
2024/04/16 00:50,03F1739N,03F1739S,42,2426,1
2024/04/16 00:50,03F1739N,03F1739S,5,0,0
2024/04/16 00:50,03F1860N,03F1779N,31,267,6
2024/04/16 00:50,03F1860N,03F1779N,32,398,1
2024/04/16 00:50,03F1860N,03F1779N,41,0,0
2024/04/16 00:50,03F1860N,03F1779N,42,330,7
2024/04/16 00:50,03F1860N,03F1779N,5,557,1
2024/04/16 00:50,03F1739S,03F1779S,31,133,10
2024/04/16 00:50,03F1739S,03F1779S,32,0,0
2024/04/16 00:50,03F1739S,03F1779S,41,0,0
2024/04/16 00:50,03F1739S,03F1779S,42,156,4
2024/04/16 00:50,03F1739S,03F1779S,5,156,8
2024/04/16 00:50,03F1941N,03F1860N,31,269,11
2024/04/16 00:50,03F1941N,03F1860N,32,230,2
2024/04/16 00:50,03F1941N,03F1860N,41,0,0
2024/04/16 00:50,03F1941N,03F1860N,42,338,2
2024/04/16 00:50,03F1941N,03F1860N,5,339,3
2024/04/16 00:50,03F1779S,03F1860S,31,272,6
2024/04/16 00:50,03F1779S,03F1860S,32,233,2
2024/04/16 00:50,03F1779S,03F1860S,41,0,0
2024/04/16 00:50,03F1779S,03F1860S,42,1097,1
2024/04/16 00:50,03F1779S,03F1860S,5,319,13
2024/04/16 00:50,01F1906S,03F1941N,31,190,2
2024/04/16 00:50,01F1906S,03F1941N,32,178,1
2024/04/16 00:50,01F1906S,03F1941N,41,0,0
2024/04/16 00:50,01F1906S,03F1941N,42,0,0
2024/04/16 00:50,01F1906S,03F1941N,5,0,0
2024/04/16 00:50,01F1960N,03F1941N,31,245,8
2024/04/16 00:50,01F1960N,03F1941N,32,279,2
2024/04/16 00:50,01F1960N,03F1941N,41,287,1
2024/04/16 00:50,01F1960N,03F1941N,42,299,1
2024/04/16 00:50,01F1960N,03F1941N,5,307,5
2024/04/16 00:50,03F1992N,03F1941N,31,183,7
2024/04/16 00:50,03F1992N,03F1941N,32,188,2
2024/04/16 00:50,03F1992N,03F1941N,41,0,0
2024/04/16 00:50,03F1992N,03F1941N,42,0,0
2024/04/16 00:50,03F1992N,03F1941N,5,209,2
2024/04/16 00:50,03F1860S,03F1944S,31,283,13
2024/04/16 00:50,03F1860S,03F1944S,32,292,3
2024/04/16 00:50,03F1860S,03F1944S,41,0,0
2024/04/16 00:50,03F1860S,03F1944S,42,320,9
2024/04/16 00:50,03F1860S,03F1944S,5,326,12
2024/04/16 00:50,01F1906S,03F1991S,31,0,0
2024/04/16 00:50,01F1906S,03F1991S,32,189,1
2024/04/16 00:50,01F1906S,03F1991S,41,0,0
2024/04/16 00:50,01F1906S,03F1991S,42,0,0
2024/04/16 00:50,01F1906S,03F1991S,5,0,0
2024/04/16 00:50,01F1960N,03F1991S,31,235,6
2024/04/16 00:50,01F1960N,03F1991S,32,229,2
2024/04/16 00:50,01F1960N,03F1991S,41,0,0
2024/04/16 00:50,01F1960N,03F1991S,42,298,2
2024/04/16 00:50,01F1960N,03F1991S,5,290,3
2024/04/16 00:50,03F1944S,03F1991S,31,156,9
2024/04/16 00:50,03F1944S,03F1991S,32,157,3
2024/04/16 00:50,03F1944S,03F1991S,41,0,0
2024/04/16 00:50,03F1944S,03F1991S,42,200,1
2024/04/16 00:50,03F1944S,03F1991S,5,173,1
2024/04/16 00:50,03F2066N,03F1992N,31,247,14
2024/04/16 00:50,03F2066N,03F1992N,32,274,2
2024/04/16 00:50,03F2066N,03F1992N,41,0,0
2024/04/16 00:50,03F2066N,03F1992N,42,254,1
2024/04/16 00:50,03F2066N,03F1992N,5,310,2
2024/04/16 00:50,03F2078N,03F2066N,31,42,10
2024/04/16 00:50,03F2078N,03F2066N,32,43,5
2024/04/16 00:50,03F2078N,03F2066N,41,0,0
2024/04/16 00:50,03F2078N,03F2066N,42,42,3
2024/04/16 00:50,03F2078N,03F2066N,5,61,2
2024/04/16 00:50,03F1991S,03F2066S,31,251,10
2024/04/16 00:50,03F1991S,03F2066S,32,258,2
2024/04/16 00:50,03F1991S,03F2066S,41,0,0
2024/04/16 00:50,03F1991S,03F2066S,42,0,0
2024/04/16 00:50,03F1991S,03F2066S,5,0,0
2024/04/16 00:50,03F2100N,03F2078N,31,69,11
2024/04/16 00:50,03F2100N,03F2078N,32,76,5
2024/04/16 00:50,03F2100N,03F2078N,41,0,0
2024/04/16 00:50,03F2100N,03F2078N,42,80,4
2024/04/16 00:50,03F2100N,03F2078N,5,87,1
2024/04/16 00:50,03F2066S,03F2079S,31,49,18
2024/04/16 00:50,03F2066S,03F2079S,32,53,4
2024/04/16 00:50,03F2066S,03F2079S,41,0,0
2024/04/16 00:50,03F2066S,03F2079S,42,0,0
2024/04/16 00:50,03F2066S,03F2079S,5,0,0
2024/04/16 00:50,03F2125N,03F2100N,31,76,9
2024/04/16 00:50,03F2125N,03F2100N,32,89,2
2024/04/16 00:50,03F2125N,03F2100N,41,0,0
2024/04/16 00:50,03F2125N,03F2100N,42,87,4
2024/04/16 00:50,03F2125N,03F2100N,5,94,2
2024/04/16 00:50,03F2079S,03F2100S,31,70,14
2024/04/16 00:50,03F2079S,03F2100S,32,77,4
2024/04/16 00:50,03F2079S,03F2100S,41,0,0
2024/04/16 00:50,03F2079S,03F2100S,42,0,0
2024/04/16 00:50,03F2079S,03F2100S,5,0,0
2024/04/16 00:50,03F2153N,03F2125N,31,87,17
2024/04/16 00:50,03F2153N,03F2125N,32,107,5
2024/04/16 00:50,03F2153N,03F2125N,41,0,0
2024/04/16 00:50,03F2153N,03F2125N,42,97,1
2024/04/16 00:50,03F2153N,03F2125N,5,0,0
2024/04/16 00:50,03F2100S,03F2129S,31,94,14
2024/04/16 00:50,03F2100S,03F2129S,32,115,4
2024/04/16 00:50,03F2100S,03F2129S,41,0,0
2024/04/16 00:50,03F2100S,03F2129S,42,0,0
2024/04/16 00:50,03F2100S,03F2129S,5,134,1
2024/04/16 00:50,03F2129S,03F2152S,31,74,22
2024/04/16 00:50,03F2129S,03F2152S,32,79,4
2024/04/16 00:50,03F2129S,03F2152S,41,0,0
2024/04/16 00:50,03F2129S,03F2152S,42,83,3
2024/04/16 00:50,03F2129S,03F2152S,5,101,1
2024/04/16 00:50,03F2194N,03F2153N,31,133,18
2024/04/16 00:50,03F2194N,03F2153N,32,160,3
2024/04/16 00:50,03F2194N,03F2153N,41,0,0
2024/04/16 00:50,03F2194N,03F2153N,42,0,0
2024/04/16 00:50,03F2194N,03F2153N,5,0,0
2024/04/16 00:50,03F2231N,03F2194N,31,121,19
2024/04/16 00:50,03F2231N,03F2194N,32,123,4
2024/04/16 00:50,03F2231N,03F2194N,41,0,0
2024/04/16 00:50,03F2231N,03F2194N,42,0,0
2024/04/16 00:50,03F2231N,03F2194N,5,0,0
2024/04/16 00:50,03F2152S,03F2194S,31,140,22
2024/04/16 00:50,03F2152S,03F2194S,32,149,4
2024/04/16 00:50,03F2152S,03F2194S,41,0,0
2024/04/16 00:50,03F2152S,03F2194S,42,0,0
2024/04/16 00:50,03F2152S,03F2194S,5,160,1
2024/04/16 00:50,03F2260N,03F2231N,31,100,20
2024/04/16 00:50,03F2260N,03F2231N,32,106,5
2024/04/16 00:50,03F2260N,03F2231N,41,0,0
2024/04/16 00:50,03F2260N,03F2231N,42,0,0
2024/04/16 00:50,03F2260N,03F2231N,5,0,0
2024/04/16 00:50,03F2194S,03F2235S,31,134,17
2024/04/16 00:50,03F2194S,03F2235S,32,147,3
2024/04/16 00:50,03F2194S,03F2235S,41,0,0
2024/04/16 00:50,03F2194S,03F2235S,42,0,0
2024/04/16 00:50,03F2194S,03F2235S,5,160,1
2024/04/16 00:50,03F2306N,03F2260N,31,146,13
2024/04/16 00:50,03F2306N,03F2260N,32,148,3
2024/04/16 00:50,03F2306N,03F2260N,41,0,0
2024/04/16 00:50,03F2306N,03F2260N,42,151,1
2024/04/16 00:50,03F2306N,03F2260N,5,0,0
2024/04/16 00:50,03F2235S,03F2261S,31,88,12
2024/04/16 00:50,03F2235S,03F2261S,32,99,2
2024/04/16 00:50,03F2235S,03F2261S,41,0,0
2024/04/16 00:50,03F2235S,03F2261S,42,98,1
2024/04/16 00:50,03F2235S,03F2261S,5,0,0
2024/04/16 00:50,03F2306S,03F2306N,31,0,0
2024/04/16 00:50,03F2306S,03F2306N,32,0,0
2024/04/16 00:50,03F2306S,03F2306N,41,0,0
2024/04/16 00:50,03F2306S,03F2306N,42,2822,1
2024/04/16 00:50,03F2306S,03F2306N,5,0,0
2024/04/16 00:50,03F2336N,03F2306N,31,98,9
2024/04/16 00:50,03F2336N,03F2306N,32,102,1
2024/04/16 00:50,03F2336N,03F2306N,41,0,0
2024/04/16 00:50,03F2336N,03F2306N,42,106,3
2024/04/16 00:50,03F2336N,03F2306N,5,0,0
2024/04/16 00:50,03F2261S,03F2306S,31,143,8
2024/04/16 00:50,03F2261S,03F2306S,32,186,1
2024/04/16 00:50,03F2261S,03F2306S,41,0,0
2024/04/16 00:50,03F2261S,03F2306S,42,171,2
2024/04/16 00:50,03F2261S,03F2306S,5,0,0
2024/04/16 00:50,03F2415N,03F2336N,31,256,7
2024/04/16 00:50,03F2415N,03F2336N,32,237,2
2024/04/16 00:50,03F2415N,03F2336N,41,0,0
2024/04/16 00:50,03F2415N,03F2336N,42,341,2
2024/04/16 00:50,03F2415N,03F2336N,5,0,0
2024/04/16 00:50,03F2306S,03F2336S,31,97,6
2024/04/16 00:50,03F2306S,03F2336S,32,0,0
2024/04/16 00:50,03F2306S,03F2336S,41,0,0
2024/04/16 00:50,03F2306S,03F2336S,42,106,2
2024/04/16 00:50,03F2306S,03F2336S,5,0,0
2024/04/16 00:50,03F2336N,03F2336S,31,0,0
2024/04/16 00:50,03F2336N,03F2336S,32,0,0
2024/04/16 00:50,03F2336N,03F2336S,41,0,0
2024/04/16 00:50,03F2336N,03F2336S,42,0,0
2024/04/16 00:50,03F2336N,03F2336S,5,0,0
2024/04/16 00:50,03F2447N,03F2415N,31,106,6
2024/04/16 00:50,03F2447N,03F2415N,32,102,2
2024/04/16 00:50,03F2447N,03F2415N,41,0,0
2024/04/16 00:50,03F2447N,03F2415N,42,146,1
2024/04/16 00:50,03F2447N,03F2415N,5,0,0
2024/04/16 00:50,03F2336S,03F2415S,31,266,11
2024/04/16 00:50,03F2336S,03F2415S,32,266,2
2024/04/16 00:50,03F2336S,03F2415S,41,0,0
2024/04/16 00:50,03F2336S,03F2415S,42,289,2
2024/04/16 00:50,03F2336S,03F2415S,5,0,0
2024/04/16 00:50,03F2535N,03F2447N,31,286,9
2024/04/16 00:50,03F2535N,03F2447N,32,321,4
2024/04/16 00:50,03F2535N,03F2447N,41,0,0
2024/04/16 00:50,03F2535N,03F2447N,42,412,1
2024/04/16 00:50,03F2535N,03F2447N,5,322,1
2024/04/16 00:50,03F2415S,03F2447S,31,113,3
2024/04/16 00:50,03F2415S,03F2447S,32,98,2
2024/04/16 00:50,03F2415S,03F2447S,41,0,0
2024/04/16 00:50,03F2415S,03F2447S,42,115,1
2024/04/16 00:50,03F2415S,03F2447S,5,0,0
2024/04/16 00:50,03F2614N,03F2535N,31,254,2
2024/04/16 00:50,03F2614N,03F2535N,32,303,1
2024/04/16 00:50,03F2614N,03F2535N,41,0,0
2024/04/16 00:50,03F2614N,03F2535N,42,340,1
2024/04/16 00:50,03F2614N,03F2535N,5,0,0
2024/04/16 00:50,03F2447S,03F2535S,31,257,3
2024/04/16 00:50,03F2447S,03F2535S,32,0,0
2024/04/16 00:50,03F2447S,03F2535S,41,0,0
2024/04/16 00:50,03F2447S,03F2535S,42,401,2
2024/04/16 00:50,03F2447S,03F2535S,5,322,1
2024/04/16 00:50,03F2709N,03F2614N,31,297,2
2024/04/16 00:50,03F2709N,03F2614N,32,276,1
2024/04/16 00:50,03F2709N,03F2614N,41,0,0
2024/04/16 00:50,03F2709N,03F2614N,42,405,2
2024/04/16 00:50,03F2709N,03F2614N,5,0,0
2024/04/16 00:50,03F2535S,03F2614S,31,244,4
2024/04/16 00:50,03F2535S,03F2614S,32,255,1
2024/04/16 00:50,03F2535S,03F2614S,41,0,0
2024/04/16 00:50,03F2535S,03F2614S,42,0,0
2024/04/16 00:50,03F2535S,03F2614S,5,0,0
2024/04/16 00:50,03F2747N,03F2709N,31,125,7
2024/04/16 00:50,03F2747N,03F2709N,32,0,0
2024/04/16 00:50,03F2747N,03F2709N,41,0,0
2024/04/16 00:50,03F2747N,03F2709N,42,166,1
2024/04/16 00:50,03F2747N,03F2709N,5,0,0
2024/04/16 00:50,03F2614S,03F2709S,31,323,5
2024/04/16 00:50,03F2614S,03F2709S,32,378,1
2024/04/16 00:50,03F2614S,03F2709S,41,0,0
2024/04/16 00:50,03F2614S,03F2709S,42,347,1
2024/04/16 00:50,03F2614S,03F2709S,5,0,0
2024/04/16 00:50,03F2747S,03F2747N,31,2359,1
2024/04/16 00:50,03F2747S,03F2747N,32,0,0
2024/04/16 00:50,03F2747S,03F2747N,41,0,0
2024/04/16 00:50,03F2747S,03F2747N,42,0,0
2024/04/16 00:50,03F2747S,03F2747N,5,0,0
2024/04/16 00:50,03F2777N,03F2747N,31,97,7
2024/04/16 00:50,03F2777N,03F2747N,32,0,0
2024/04/16 00:50,03F2777N,03F2747N,41,0,0
2024/04/16 00:50,03F2777N,03F2747N,42,123,1
2024/04/16 00:50,03F2777N,03F2747N,5,0,0
2024/04/16 00:50,03F2709S,03F2747S,31,129,5
2024/04/16 00:50,03F2709S,03F2747S,32,136,3
2024/04/16 00:50,03F2709S,03F2747S,41,0,0
2024/04/16 00:50,03F2709S,03F2747S,42,245,1
2024/04/16 00:50,03F2709S,03F2747S,5,0,0
2024/04/16 00:50,03F2840N,03F2777N,31,201,4
2024/04/16 00:50,03F2840N,03F2777N,32,195,1
2024/04/16 00:50,03F2840N,03F2777N,41,221,1
2024/04/16 00:50,03F2840N,03F2777N,42,238,3
2024/04/16 00:50,03F2840N,03F2777N,5,0,0
2024/04/16 00:50,03F2747S,03F2777S,31,820,4
2024/04/16 00:50,03F2747S,03F2777S,32,101,3
2024/04/16 00:50,03F2747S,03F2777S,41,0,0
2024/04/16 00:50,03F2747S,03F2777S,42,0,0
2024/04/16 00:50,03F2747S,03F2777S,5,0,0
2024/04/16 00:50,03F2777N,03F2777S,31,0,0
2024/04/16 00:50,03F2777N,03F2777S,32,0,0
2024/04/16 00:50,03F2777N,03F2777S,41,0,0
2024/04/16 00:50,03F2777N,03F2777S,42,0,0
2024/04/16 00:50,03F2777N,03F2777S,5,0,0
2024/04/16 00:50,03F2899N,03F2840N,31,183,3
2024/04/16 00:50,03F2899N,03F2840N,32,215,2
2024/04/16 00:50,03F2899N,03F2840N,41,202,1
2024/04/16 00:50,03F2899N,03F2840N,42,193,1
2024/04/16 00:50,03F2899N,03F2840N,5,225,1
2024/04/16 00:50,03F2777S,03F2840S,31,216,9
2024/04/16 00:50,03F2777S,03F2840S,32,0,0
2024/04/16 00:50,03F2777S,03F2840S,41,0,0
2024/04/16 00:50,03F2777S,03F2840S,42,260,1
2024/04/16 00:50,03F2777S,03F2840S,5,0,0
2024/04/16 00:50,03F2923N,03F2899N,31,63,2
2024/04/16 00:50,03F2923N,03F2899N,32,0,0
2024/04/16 00:50,03F2923N,03F2899N,41,0,0
2024/04/16 00:50,03F2923N,03F2899N,42,76,3
2024/04/16 00:50,03F2923N,03F2899N,5,88,1
2024/04/16 00:50,03F2840S,03F2899S,31,182,10
2024/04/16 00:50,03F2840S,03F2899S,32,207,1
2024/04/16 00:50,03F2840S,03F2899S,41,0,0
2024/04/16 00:50,03F2840S,03F2899S,42,242,1
2024/04/16 00:50,03F2840S,03F2899S,5,250,1
2024/04/16 00:50,03F2985N,03F2923N,31,170,2
2024/04/16 00:50,03F2985N,03F2923N,32,0,0
2024/04/16 00:50,03F2985N,03F2923N,41,0,0
2024/04/16 00:50,03F2985N,03F2923N,42,214,3
2024/04/16 00:50,03F2985N,03F2923N,5,265,2
2024/04/16 00:50,03F2899S,03F2923S,31,71,9
2024/04/16 00:50,03F2899S,03F2923S,32,86,1
2024/04/16 00:50,03F2899S,03F2923S,41,0,0
2024/04/16 00:50,03F2899S,03F2923S,42,0,0
2024/04/16 00:50,03F2899S,03F2923S,5,103,1
2024/04/16 00:50,03F3101N,03F2985N,31,375,2
2024/04/16 00:50,03F3101N,03F2985N,32,426,2
2024/04/16 00:50,03F3101N,03F2985N,41,394,1
2024/04/16 00:50,03F3101N,03F2985N,42,397,1
2024/04/16 00:50,03F3101N,03F2985N,5,443,1
2024/04/16 00:50,03F2923S,03F2985S,31,196,4
2024/04/16 00:50,03F2923S,03F2985S,32,196,1
2024/04/16 00:50,03F2923S,03F2985S,41,0,0
2024/04/16 00:50,03F2923S,03F2985S,42,0,0
2024/04/16 00:50,03F2923S,03F2985S,5,0,0
2024/04/16 00:50,03F3187N,03F3101N,31,299,3
2024/04/16 00:50,03F3187N,03F3101N,32,269,3
2024/04/16 00:50,03F3187N,03F3101N,41,0,0
2024/04/16 00:50,03F3187N,03F3101N,42,382,1
2024/04/16 00:50,03F3187N,03F3101N,5,0,0
2024/04/16 00:50,03F2985S,03F3101S,31,357,9
2024/04/16 00:50,03F2985S,03F3101S,32,402,1
2024/04/16 00:50,03F2985S,03F3101S,41,0,0
2024/04/16 00:50,03F2985S,03F3101S,42,0,0
2024/04/16 00:50,03F2985S,03F3101S,5,493,1
2024/04/16 00:50,03F3187S,03F3187N,31,0,0
2024/04/16 00:50,03F3187S,03F3187N,32,0,0
2024/04/16 00:50,03F3187S,03F3187N,41,0,0
2024/04/16 00:50,03F3187S,03F3187N,42,0,0
2024/04/16 00:50,03F3187S,03F3187N,5,0,0
2024/04/16 00:50,03F3211N,03F3187N,31,65,10
2024/04/16 00:50,03F3211N,03F3187N,32,77,2
2024/04/16 00:50,03F3211N,03F3187N,41,0,0
2024/04/16 00:50,03F3211N,03F3187N,42,89,3
2024/04/16 00:50,03F3211N,03F3187N,5,0,0
2024/04/16 00:50,03F3101S,03F3187S,31,266,4
2024/04/16 00:50,03F3101S,03F3187S,32,625,2
2024/04/16 00:50,03F3101S,03F3187S,41,295,1
2024/04/16 00:50,03F3101S,03F3187S,42,0,0
2024/04/16 00:50,03F3101S,03F3187S,5,373,5
2024/04/16 00:50,03F3259N,03F3211N,31,125,9
2024/04/16 00:50,03F3259N,03F3211N,32,157,1
2024/04/16 00:50,03F3259N,03F3211N,41,0,0
2024/04/16 00:50,03F3259N,03F3211N,42,157,1
2024/04/16 00:50,03F3259N,03F3211N,5,193,1
2024/04/16 00:50,03F3187S,03F3211S,31,76,6
2024/04/16 00:50,03F3187S,03F3211S,32,88,3
2024/04/16 00:50,03F3187S,03F3211S,41,89,1
2024/04/16 00:50,03F3187S,03F3211S,42,0,0
2024/04/16 00:50,03F3187S,03F3211S,5,98,4
2024/04/16 00:50,03F3211N,03F3211S,31,0,0
2024/04/16 00:50,03F3211N,03F3211S,32,0,0
2024/04/16 00:50,03F3211N,03F3211S,41,0,0
2024/04/16 00:50,03F3211N,03F3211S,42,0,0
2024/04/16 00:50,03F3211N,03F3211S,5,0,0
2024/04/16 00:50,03F3307N,03F3259N,31,169,2
2024/04/16 00:50,03F3307N,03F3259N,32,0,0
2024/04/16 00:50,03F3307N,03F3259N,41,0,0
2024/04/16 00:50,03F3307N,03F3259N,42,157,1
2024/04/16 00:50,03F3307N,03F3259N,5,0,0
2024/04/16 00:50,03F3211S,03F3259S,31,153,9
2024/04/16 00:50,03F3211S,03F3259S,32,128,1
2024/04/16 00:50,03F3211S,03F3259S,41,0,0
2024/04/16 00:50,03F3211S,03F3259S,42,0,0
2024/04/16 00:50,03F3211S,03F3259S,5,0,0
2024/04/16 00:50,03F3392N,03F3307N,31,258,5
2024/04/16 00:50,03F3392N,03F3307N,32,297,1
2024/04/16 00:50,03F3392N,03F3307N,41,0,0
2024/04/16 00:50,03F3392N,03F3307N,42,0,0
2024/04/16 00:50,03F3392N,03F3307N,5,0,0
2024/04/16 00:50,03F3259S,03F3307S,31,160,9
2024/04/16 00:50,03F3259S,03F3307S,32,161,1
2024/04/16 00:50,03F3259S,03F3307S,41,0,0
2024/04/16 00:50,03F3259S,03F3307S,42,0,0
2024/04/16 00:50,03F3259S,03F3307S,5,215,1
2024/04/16 00:50,03F3445N,03F3392N,31,161,4
2024/04/16 00:50,03F3445N,03F3392N,32,169,2
2024/04/16 00:50,03F3445N,03F3392N,41,0,0
2024/04/16 00:50,03F3445N,03F3392N,42,230,4
2024/04/16 00:50,03F3445N,03F3392N,5,0,0
2024/04/16 00:50,03F3307S,03F3392S,31,265,7
2024/04/16 00:50,03F3307S,03F3392S,32,297,3
2024/04/16 00:50,03F3307S,03F3392S,41,0,0
2024/04/16 00:50,03F3307S,03F3392S,42,0,0
2024/04/16 00:50,03F3307S,03F3392S,5,0,0
2024/04/16 00:50,01F3126S,03F3445N,31,0,0
2024/04/16 00:50,01F3126S,03F3445N,32,0,0
2024/04/16 00:50,01F3126S,03F3445N,41,0,0
2024/04/16 00:50,01F3126S,03F3445N,42,0,0
2024/04/16 00:50,01F3126S,03F3445N,5,0,0
2024/04/16 00:50,01F3185N,03F3445N,31,488,3
2024/04/16 00:50,01F3185N,03F3445N,32,510,1
2024/04/16 00:50,01F3185N,03F3445N,41,0,0
2024/04/16 00:50,01F3185N,03F3445N,42,0,0
2024/04/16 00:50,01F3185N,03F3445N,5,0,0
2024/04/16 00:50,03F3496N,03F3445N,31,171,2
2024/04/16 00:50,03F3496N,03F3445N,32,0,0
2024/04/16 00:50,03F3496N,03F3445N,41,0,0
2024/04/16 00:50,03F3496N,03F3445N,42,241,2
2024/04/16 00:50,03F3496N,03F3445N,5,213,1
2024/04/16 00:50,03F3392S,03F3445S,31,174,5
2024/04/16 00:50,03F3392S,03F3445S,32,202,2
2024/04/16 00:50,03F3392S,03F3445S,41,0,0
2024/04/16 00:50,03F3392S,03F3445S,42,191,1
2024/04/16 00:50,03F3392S,03F3445S,5,0,0
2024/04/16 00:50,03F3588N,03F3496N,31,293,2
2024/04/16 00:50,03F3588N,03F3496N,32,301,2
2024/04/16 00:50,03F3588N,03F3496N,41,0,0
2024/04/16 00:50,03F3588N,03F3496N,42,361,2
2024/04/16 00:50,03F3588N,03F3496N,5,322,4
2024/04/16 00:50,01F3126S,03F3496S,31,851,1
2024/04/16 00:50,01F3126S,03F3496S,32,528,1
2024/04/16 00:50,01F3126S,03F3496S,41,0,0
2024/04/16 00:50,01F3126S,03F3496S,42,784,1
2024/04/16 00:50,01F3126S,03F3496S,5,0,0
2024/04/16 00:50,01F3185N,03F3496S,31,0,0
2024/04/16 00:50,01F3185N,03F3496S,32,0,0
2024/04/16 00:50,01F3185N,03F3496S,41,0,0
2024/04/16 00:50,01F3185N,03F3496S,42,0,0
2024/04/16 00:50,01F3185N,03F3496S,5,0,0
2024/04/16 00:50,03F3445S,03F3496S,31,170,3
2024/04/16 00:50,03F3445S,03F3496S,32,162,1
2024/04/16 00:50,03F3445S,03F3496S,41,0,0
2024/04/16 00:50,03F3445S,03F3496S,42,191,1
2024/04/16 00:50,03F3445S,03F3496S,5,0,0
2024/04/16 00:50,03F3670N,03F3588N,31,261,3
2024/04/16 00:50,03F3670N,03F3588N,32,259,2
2024/04/16 00:50,03F3670N,03F3588N,41,0,0
2024/04/16 00:50,03F3670N,03F3588N,42,300,1
2024/04/16 00:50,03F3670N,03F3588N,5,353,7
2024/04/16 00:50,03F3496S,03F3588S,31,315,7
2024/04/16 00:50,03F3496S,03F3588S,32,361,1
2024/04/16 00:50,03F3496S,03F3588S,41,0,0
2024/04/16 00:50,03F3496S,03F3588S,42,0,0
2024/04/16 00:50,03F3496S,03F3588S,5,394,5
2024/04/16 00:50,03F3743N,03F3670N,31,247,7
2024/04/16 00:50,03F3743N,03F3670N,32,231,5
2024/04/16 00:50,03F3743N,03F3670N,41,0,0
2024/04/16 00:50,03F3743N,03F3670N,42,261,2
2024/04/16 00:50,03F3743N,03F3670N,5,316,2
2024/04/16 00:50,03F3588S,03F3670S,31,279,9
2024/04/16 00:50,03F3588S,03F3670S,32,284,4
2024/04/16 00:50,03F3588S,03F3670S,41,0,0
2024/04/16 00:50,03F3588S,03F3670S,42,356,1
2024/04/16 00:50,03F3588S,03F3670S,5,0,0
2024/04/16 00:50,01F3590S,03F3743N,31,0,0
2024/04/16 00:50,01F3590S,03F3743N,32,0,0
2024/04/16 00:50,01F3590S,03F3743N,41,0,0
2024/04/16 00:50,01F3590S,03F3743N,42,0,0
2024/04/16 00:50,01F3590S,03F3743N,5,0,0
2024/04/16 00:50,01F3640N,03F3743N,31,0,0
2024/04/16 00:50,01F3640N,03F3743N,32,805,1
2024/04/16 00:50,01F3640N,03F3743N,41,0,0
2024/04/16 00:50,01F3640N,03F3743N,42,0,0
2024/04/16 00:50,01F3640N,03F3743N,5,0,0
2024/04/16 00:50,03F3854N,03F3743N,31,359,10
2024/04/16 00:50,03F3854N,03F3743N,32,361,2
2024/04/16 00:50,03F3854N,03F3743N,41,0,0
2024/04/16 00:50,03F3854N,03F3743N,42,399,1
2024/04/16 00:50,03F3854N,03F3743N,5,0,0
2024/04/16 00:50,03F3670S,03F3743S,31,241,9
2024/04/16 00:50,03F3670S,03F3743S,32,257,2
2024/04/16 00:50,03F3670S,03F3743S,41,0,0
2024/04/16 00:50,03F3670S,03F3743S,42,294,2
2024/04/16 00:50,03F3670S,03F3743S,5,307,2
2024/04/16 00:50,03F3916N,03F3854N,31,209,6
2024/04/16 00:50,03F3916N,03F3854N,32,208,1
2024/04/16 00:50,03F3916N,03F3854N,41,0,0
2024/04/16 00:50,03F3916N,03F3854N,42,210,3
2024/04/16 00:50,03F3916N,03F3854N,5,257,2
2024/04/16 00:50,01F3590S,03F3854S,31,0,0
2024/04/16 00:50,01F3590S,03F3854S,32,0,0
2024/04/16 00:50,01F3590S,03F3854S,41,0,0
2024/04/16 00:50,01F3590S,03F3854S,42,0,0
2024/04/16 00:50,01F3590S,03F3854S,5,0,0
2024/04/16 00:50,01F3640N,03F3854S,31,858,2
2024/04/16 00:50,01F3640N,03F3854S,32,735,1
2024/04/16 00:50,01F3640N,03F3854S,41,0,0
2024/04/16 00:50,01F3640N,03F3854S,42,810,2
2024/04/16 00:50,01F3640N,03F3854S,5,0,0
2024/04/16 00:50,03F3743S,03F3854S,31,345,2
2024/04/16 00:50,03F3743S,03F3854S,32,335,2
2024/04/16 00:50,03F3743S,03F3854S,41,0,0
2024/04/16 00:50,03F3743S,03F3854S,42,461,3
2024/04/16 00:50,03F3743S,03F3854S,5,0,0
2024/04/16 00:50,03F3984N,03F3916N,31,223,3
2024/04/16 00:50,03F3984N,03F3916N,32,0,0
2024/04/16 00:50,03F3984N,03F3916N,41,0,0
2024/04/16 00:50,03F3984N,03F3916N,42,230,1
2024/04/16 00:50,03F3984N,03F3916N,5,267,2
2024/04/16 00:50,03F3854S,03F3916S,31,200,8
2024/04/16 00:50,03F3854S,03F3916S,32,0,0
2024/04/16 00:50,03F3854S,03F3916S,41,0,0
2024/04/16 00:50,03F3854S,03F3916S,42,230,2
2024/04/16 00:50,03F3854S,03F3916S,5,0,0
2024/04/16 00:50,03F3916S,03F3981S,31,219,7
2024/04/16 00:50,03F3916S,03F3981S,32,245,1
2024/04/16 00:50,03F3916S,03F3981S,41,0,0
2024/04/16 00:50,03F3916S,03F3981S,42,268,2
2024/04/16 00:50,03F3916S,03F3981S,5,0,0
2024/04/16 00:50,03F4021N,03F3984N,31,129,6
2024/04/16 00:50,03F4021N,03F3984N,32,0,0
2024/04/16 00:50,03F4021N,03F3984N,41,0,0
2024/04/16 00:50,03F4021N,03F3984N,42,131,2
2024/04/16 00:50,03F4021N,03F3984N,5,127,3
2024/04/16 00:50,03F3981S,03F4018S,31,122,4
2024/04/16 00:50,03F3981S,03F4018S,32,0,0
2024/04/16 00:50,03F3981S,03F4018S,41,0,0
2024/04/16 00:50,03F3981S,03F4018S,42,142,3
2024/04/16 00:50,03F3981S,03F4018S,5,0,0
2024/04/16 00:50,03F4142N,03F4021N,31,404,3
2024/04/16 00:50,03F4142N,03F4021N,32,481,2
2024/04/16 00:50,03F4142N,03F4021N,41,0,0
2024/04/16 00:50,03F4142N,03F4021N,42,424,2
2024/04/16 00:50,03F4142N,03F4021N,5,471,4
2024/04/16 00:50,03F4168N,03F4142N,31,84,4
2024/04/16 00:50,03F4168N,03F4142N,32,0,0
2024/04/16 00:50,03F4168N,03F4142N,41,0,0
2024/04/16 00:50,03F4168N,03F4142N,42,93,1
2024/04/16 00:50,03F4168N,03F4142N,5,105,1
2024/04/16 00:50,03F4018S,03F4142S,31,381,3
2024/04/16 00:50,03F4018S,03F4142S,32,449,2
2024/04/16 00:50,03F4018S,03F4142S,41,0,0
2024/04/16 00:50,03F4018S,03F4142S,42,0,0
2024/04/16 00:50,03F4018S,03F4142S,5,0,0
2024/04/16 00:50,03F4232N,03F4168N,31,218,7
2024/04/16 00:50,03F4232N,03F4168N,32,214,1
2024/04/16 00:50,03F4232N,03F4168N,41,0,0
2024/04/16 00:50,03F4232N,03F4168N,42,282,2
2024/04/16 00:50,03F4232N,03F4168N,5,286,1
2024/04/16 00:50,03F4142S,03F4168S,31,83,6
2024/04/16 00:50,03F4142S,03F4168S,32,0,0
2024/04/16 00:50,03F4142S,03F4168S,41,0,0
2024/04/16 00:50,03F4142S,03F4168S,42,0,0
2024/04/16 00:50,03F4142S,03F4168S,5,0,0
2024/04/16 00:50,03F4259N,03F4232N,31,89,3
2024/04/16 00:50,03F4259N,03F4232N,32,0,0
2024/04/16 00:50,03F4259N,03F4232N,41,0,0
2024/04/16 00:50,03F4259N,03F4232N,42,0,0
2024/04/16 00:50,03F4259N,03F4232N,5,99,1
2024/04/16 00:50,03F4168S,03F4232S,31,200,6
2024/04/16 00:50,03F4168S,03F4232S,32,212,2
2024/04/16 00:50,03F4168S,03F4232S,41,0,0
2024/04/16 00:50,03F4168S,03F4232S,42,243,4
2024/04/16 00:50,03F4168S,03F4232S,5,257,3
2024/04/16 00:50,03F4232S,03F4263S,31,95,1
2024/04/16 00:50,03F4232S,03F4263S,32,0,0
2024/04/16 00:50,03F4232S,03F4263S,41,0,0
2024/04/16 00:50,03F4232S,03F4263S,42,0,0
2024/04/16 00:50,03F4232S,03F4263S,5,0,0
2024/04/16 00:50,03F0158S,05F0000S,31,46,9
2024/04/16 00:50,03F0158S,05F0000S,32,47,2
2024/04/16 00:50,03F0158S,05F0000S,41,0,0
2024/04/16 00:50,03F0158S,05F0000S,42,0,0
2024/04/16 00:50,03F0158S,05F0000S,5,0,0
2024/04/16 00:50,03F0201N,05F0000S,31,177,6
2024/04/16 00:50,03F0201N,05F0000S,32,179,4
2024/04/16 00:50,03F0201N,05F0000S,41,191,1
2024/04/16 00:50,03F0201N,05F0000S,42,0,0
2024/04/16 00:50,03F0201N,05F0000S,5,0,0
2024/04/16 00:50,05F0055N,05F0001N,31,223,7
2024/04/16 00:50,05F0055N,05F0001N,32,190,5
2024/04/16 00:50,05F0055N,05F0001N,41,0,0
2024/04/16 00:50,05F0055N,05F0001N,42,0,0
2024/04/16 00:50,05F0055N,05F0001N,5,0,0
2024/04/16 00:50,05F0287N,05F0055N,31,971,6
2024/04/16 00:50,05F0287N,05F0055N,32,951,7
2024/04/16 00:50,05F0287N,05F0055N,41,0,0
2024/04/16 00:50,05F0287N,05F0055N,42,0,0
2024/04/16 00:50,05F0287N,05F0055N,5,0,0
2024/04/16 00:50,05F0000S,05F0055S,31,230,17
2024/04/16 00:50,05F0000S,05F0055S,32,242,4
2024/04/16 00:50,05F0000S,05F0055S,41,225,1
2024/04/16 00:50,05F0000S,05F0055S,42,0,0
2024/04/16 00:50,05F0000S,05F0055S,5,0,0
2024/04/16 00:50,05F0309N,05F0287N,31,87,7
2024/04/16 00:50,05F0309N,05F0287N,32,93,4
2024/04/16 00:50,05F0309N,05F0287N,41,0,0
2024/04/16 00:50,05F0309N,05F0287N,42,0,0
2024/04/16 00:50,05F0309N,05F0287N,5,0,0
2024/04/16 00:50,05F0055S,05F0287S,31,986,13
2024/04/16 00:50,05F0055S,05F0287S,32,998,8
2024/04/16 00:50,05F0055S,05F0287S,41,984,1
2024/04/16 00:50,05F0055S,05F0287S,42,0,0
2024/04/16 00:50,05F0055S,05F0287S,5,0,0
2024/04/16 00:50,05F0438N,05F0309N,31,498,6
2024/04/16 00:50,05F0438N,05F0309N,32,505,1
2024/04/16 00:50,05F0438N,05F0309N,41,0,0
2024/04/16 00:50,05F0438N,05F0309N,42,0,0
2024/04/16 00:50,05F0438N,05F0309N,5,556,3
2024/04/16 00:50,05F0287S,05F0309S,31,82,11
2024/04/16 00:50,05F0287S,05F0309S,32,85,5
2024/04/16 00:50,05F0287S,05F0309S,41,0,0
2024/04/16 00:50,05F0287S,05F0309S,42,125,2
2024/04/16 00:50,05F0287S,05F0309S,5,0,0
2024/04/16 00:50,05F0528N,05F0438N,31,0,0
2024/04/16 00:50,05F0528N,05F0438N,32,322,2
2024/04/16 00:50,05F0528N,05F0438N,41,0,0
2024/04/16 00:50,05F0528N,05F0438N,42,0,0
2024/04/16 00:50,05F0528N,05F0438N,5,352,1
2024/04/16 00:50,05F0309S,05F0439S,31,473,9
2024/04/16 00:50,05F0309S,05F0439S,32,504,4
2024/04/16 00:50,05F0309S,05F0439S,41,0,0
2024/04/16 00:50,05F0309S,05F0439S,42,0,0
2024/04/16 00:50,05F0309S,05F0439S,5,533,1
2024/04/16 00:50,05FR113S,05F0439S,31,101,1
2024/04/16 00:50,05FR113S,05F0439S,32,0,0
2024/04/16 00:50,05FR113S,05F0439S,41,0,0
2024/04/16 00:50,05FR113S,05F0439S,42,0,0
2024/04/16 00:50,05FR113S,05F0439S,5,0,0
2024/04/16 00:50,05F0439S,05F0494S,31,211,4
2024/04/16 00:50,05F0439S,05F0494S,32,214,1
2024/04/16 00:50,05F0439S,05F0494S,41,0,0
2024/04/16 00:50,05F0439S,05F0494S,42,249,1
2024/04/16 00:50,05F0439S,05F0494S,5,216,1
2024/04/16 00:50,05F0438N,05FR143N,31,106,4
2024/04/16 00:50,05F0438N,05FR143N,32,122,2
2024/04/16 00:50,05F0438N,05FR143N,41,0,0
2024/04/16 00:50,05F0438N,05FR143N,42,0,0
2024/04/16 00:50,05F0438N,05FR143N,5,0,0
