順序,日期,水位,i=1,,i=2,,i=5,,i=10,,i=30,,i=60,,i=90,,i=120,,i=360,
1,2014/1/1,531.07,531.07,531.06,531.07,531.06,531.07,531.04,531.07,531.03,531.07,530.98,531.07,530.98,531.07,530.98,531.07,530.98,531.07,530.94
2,2014/1/2,531.06,531.06,531.06,531.06,531.05,531.06,531.04,531.06,531.02,531.06,530.98,531.06,530.98,531.06,530.96,531.06,530.98,531.06,531.01
3,2014/1/3,531.06,531.06,531.05,531.06,531.04,531.06,531.03,531.06,531.01,531.06,530.98,531.06,530.98,531.06,530.96,531.06,530.99,531.06,530.98
4,2014/1/4,531.05,531.05,531.04,531.05,531.04,531.05,531.03,531.05,531.03,531.05,530.97,531.05,530.97,531.05,530.96,531.05,531.06,531.05,530.96
5,2014/1/5,531.04,531.04,531.04,531.04,531.04,531.04,531.03,531.04,531.03,531.04,530.96,531.04,530.97,531.04,530.96,531.04,531.12,531.04,530.95
6,2014/1/6,531.04,531.04,531.04,531.04,531.03,531.04,531.03,531.04,531.02,531.04,530.99,531.04,530.98,531.04,530.95,531.04,531.16,531.04,530.94
7,2014/1/7,531.04,531.04,531.03,531.04,531.03,531.04,531.02,531.04,531.01,531.04,530.98,531.04,530.98,531.04,530.96,531.04,531.12,,
8,2014/1/8,531.03,531.03,531.03,531.03,531.03,531.03,531.01,531.03,531.01,531.03,530.97,531.03,530.98,531.03,530.97,531.03,531.09,,
9,2014/1/9,531.03,531.03,531.03,531.03,531.03,531.03,531.03,531.03,531,531.03,530.97,531.03,530.98,531.03,530.96,531.03,531.07,,
10,2014/1/10,531.03,531.03,531.03,531.03,531.02,531.03,531.03,531.03,531.01,531.03,531,531.03,530.98,531.03,530.96,531.03,531.07,,
11,2014/1/11,531.03,531.03,531.02,531.03,531.01,531.03,531.02,531.03,531.01,531.03,531.04,531.03,530.97,531.03,530.96,531.03,531.09,,
12,2014/1/12,531.02,531.02,531.01,531.02,531.03,531.02,531.01,531.02,531,531.02,531.02,531.02,531.06,531.02,530.95,531.02,531.06,,
13,2014/1/13,531.01,531.01,531.03,531.01,531.03,531.01,531.01,531.01,530.99,531.01,531.01,531.01,531.03,531.01,530.95,531.01,531.05,,
14,2014/1/14,531.03,531.03,531.03,531.03,531.02,531.03,531,531.03,530.99,531.03,531.01,531.03,531.01,531.03,530.95,531.03,531.04,,
15,2014/1/15,531.03,531.03,531.02,531.03,531.01,531.03,531.01,531.03,530.99,531.03,531.03,531.03,531,531.03,530.94,531.03,531.04,,
16,2014/1/16,531.02,531.02,531.01,531.02,531.01,531.02,531.01,531.02,530.99,531.02,531.02,531.02,530.99,531.02,530.95,531.02,531.04,,
17,2014/1/17,531.01,531.01,531.01,531.01,531,531.01,531,531.01,530.99,531.01,531.02,531.01,530.99,531.01,530.95,531.01,531.03,,
18,2014/1/18,531.01,531.01,531,531.01,531.01,531.01,530.99,531.01,530.98,531.01,531.01,531.01,530.99,531.01,530.94,531.01,531.03,,
19,2014/1/19,531,531,531.01,531,531.01,531,530.99,531,530.98,531,531,531,530.98,531,530.94,531,531.05,,
20,2014/1/20,531.01,531.01,531.01,531.01,531,531.01,530.99,531.01,530.98,531.01,531.01,531.01,530.98,531.01,530.94,531.01,531.06,,
21,2014/1/21,531.01,531.01,531,531.01,530.99,531.01,530.99,531.01,530.98,531.01,531.03,531.01,530.98,531.01,530.94,531.01,531.06,,
22,2014/1/22,531,531,530.99,531,530.99,531,530.99,531,530.98,531,531.01,531,530.97,531,530.94,531,531.11,,
23,2014/1/23,530.99,530.99,530.99,530.99,530.99,530.99,530.98,530.99,530.98,530.99,531.01,530.99,530.98,530.99,530.94,530.99,531.07,,
24,2014/1/24,530.99,530.99,530.99,530.99,530.99,530.99,530.98,530.99,530.97,530.99,531,530.99,530.97,530.99,530.95,530.99,531.06,,
25,2014/1/25,530.99,530.99,530.99,530.99,530.99,530.99,530.98,530.99,530.96,530.99,530.99,530.99,530.97,530.99,530.94,530.99,531.08,,
26,2014/1/26,530.99,530.99,530.99,530.99,530.98,530.99,530.98,530.99,530.99,530.99,530.99,530.99,530.97,530.99,530.94,530.99,531.06,,
27,2014/1/27,530.99,530.99,530.98,530.99,530.98,530.99,530.98,530.99,530.98,530.99,530.99,530.99,530.97,530.99,530.95,530.99,531.05,,
28,2014/1/28,530.98,530.98,530.98,530.98,530.98,530.98,530.98,530.98,530.97,530.98,530.98,530.98,530.96,530.98,530.94,530.98,531.04,,
29,2014/1/29,530.98,530.98,530.98,530.98,530.98,530.98,530.97,530.98,530.97,530.98,530.98,530.98,530.97,530.98,530.94,530.98,531.08,,
30,2014/1/30,530.98,530.98,530.98,530.98,530.98,530.98,530.96,530.98,531,530.98,530.98,530.98,530.99,530.98,530.94,530.98,531.08,,
31,2014/1/31,530.98,530.98,530.98,530.98,530.98,530.98,530.99,530.98,531.04,530.98,530.98,530.98,530.98,530.98,530.98,530.98,531.06,,
32,2014/2/1,530.98,530.98,530.98,530.98,530.97,530.98,530.98,530.98,531.02,530.98,530.98,530.98,530.96,530.98,530.98,530.98,531.05,,
33,2014/2/2,530.98,530.98,530.97,530.98,530.96,530.98,530.97,530.98,531.01,530.98,530.98,530.98,530.96,530.98,530.99,530.98,531.04,,
34,2014/2/3,530.97,530.97,530.96,530.97,530.99,530.97,530.97,530.97,531.01,530.97,530.97,530.97,530.96,530.97,531.06,530.97,531.04,,
35,2014/2/4,530.96,530.96,530.99,530.96,530.98,530.96,531,530.96,531.03,530.96,530.97,530.96,530.96,530.96,531.12,530.96,531.04,,
36,2014/2/5,530.99,530.99,530.98,530.99,530.97,530.99,531.04,530.99,531.02,530.99,530.98,530.99,530.95,530.99,531.16,530.99,531.03,,
37,2014/2/6,530.98,530.98,530.97,530.98,530.97,530.98,531.02,530.98,531.02,530.98,530.98,530.98,530.96,530.98,531.12,530.98,531.04,,
38,2014/2/7,530.97,530.97,530.97,530.97,531,530.97,531.01,530.97,531.01,530.97,530.98,530.97,530.97,530.97,531.09,530.97,531.05,,
39,2014/2/8,530.97,530.97,531,530.97,531.04,530.97,531.01,530.97,531,530.97,530.98,530.97,530.96,530.97,531.07,530.97,531.15,,
40,2014/2/9,531,531,531.04,531,531.02,531,531.03,531,531.01,531,530.98,531,530.96,531,531.07,531,531.22,,
41,2014/2/10,531.04,531.04,531.02,531.04,531.01,531.04,531.02,531.04,531.03,531.04,530.97,531.04,530.96,531.04,531.09,531.04,531.21,,
42,2014/2/11,531.02,531.02,531.01,531.02,531.01,531.02,531.02,531.02,531.01,531.02,531.06,531.02,530.95,531.02,531.06,531.02,531.18,,
43,2014/2/12,531.01,531.01,531.01,531.01,531.03,531.01,531.01,531.01,531.01,531.01,531.03,531.01,530.95,531.01,531.05,531.01,531.16,,
44,2014/2/13,531.01,531.01,531.03,531.01,531.02,531.01,531,531.01,531,531.01,531.01,531.01,530.95,531.01,531.04,531.01,531.13,,
45,2014/2/14,531.03,531.03,531.02,531.03,531.02,531.03,531.01,531.03,530.99,531.03,531,531.03,530.94,531.03,531.04,531.03,531.12,,
46,2014/2/15,531.02,531.02,531.02,531.02,531.01,531.02,531.03,531.02,530.99,531.02,530.99,531.02,530.95,531.02,531.04,531.02,531.12,,
47,2014/2/16,531.02,531.02,531.01,531.02,531,531.02,531.01,531.02,530.99,531.02,530.99,531.02,530.95,531.02,531.03,531.02,531.11,,
48,2014/2/17,531.01,531.01,531,531.01,531.01,531.01,531.01,531.01,530.98,531.01,530.99,531.01,530.94,531.01,531.03,531.01,531.09,,
49,2014/2/18,531,531,531.01,531,531.03,531,531,531,530.98,531,530.98,531,530.94,531,531.05,531,531.08,,
50,2014/2/19,531.01,531.01,531.03,531.01,531.01,531.01,530.99,531.01,530.98,531.01,530.98,531.01,530.94,531.01,531.06,531.01,531.08,,
51,2014/2/20,531.03,531.03,531.01,531.03,531.01,531.03,530.99,531.03,530.98,531.03,530.98,531.03,530.94,531.03,531.06,531.03,531.07,,
52,2014/2/21,531.01,531.01,531.01,531.01,531,531.01,530.99,531.01,530.98,531.01,530.97,531.01,530.94,531.01,531.11,531.01,531.06,,
53,2014/2/22,531.01,531.01,531,531.01,530.99,531.01,530.98,531.01,530.98,531.01,530.98,531.01,530.94,531.01,531.07,531.01,531.06,,
54,2014/2/23,531,531,530.99,531,530.99,531,530.98,531,530.97,531,530.97,531,530.95,531,531.06,531,531.05,,
55,2014/2/24,530.99,530.99,530.99,530.99,530.99,530.99,530.98,530.99,530.97,530.99,530.97,530.99,530.94,530.99,531.08,530.99,531.06,,
56,2014/2/25,530.99,530.99,530.99,530.99,530.98,530.99,530.98,530.99,530.98,530.99,530.97,530.99,530.94,530.99,531.06,530.99,531.06,,
57,2014/2/26,530.99,530.99,530.98,530.99,530.98,530.99,530.98,530.99,530.98,530.99,530.97,530.99,530.95,530.99,531.05,530.99,531.06,,
58,2014/2/27,530.98,530.98,530.98,530.98,530.98,530.98,530.98,530.98,530.98,530.98,530.96,530.98,530.94,530.98,531.04,530.98,531.05,,
59,2014/2/28,530.98,530.98,530.98,530.98,530.98,530.98,530.97,530.98,530.98,530.98,530.97,530.98,530.94,530.98,531.08,530.98,531.06,,
60,2014/3/1,530.98,530.98,530.98,530.98,530.98,530.98,530.97,530.98,530.98,530.98,530.99,530.98,530.94,530.98,531.08,530.98,531.09,,
61,2014/3/2,530.98,530.98,530.98,530.98,530.98,530.98,530.98,530.98,530.97,530.98,530.98,530.98,530.98,530.98,531.06,530.98,531.23,,
62,2014/3/3,530.98,530.98,530.98,530.98,530.97,530.98,530.98,530.98,531.06,530.98,530.96,530.98,530.98,530.98,531.05,530.98,531.24,,
63,2014/3/4,530.98,530.98,530.97,530.98,530.97,530.98,530.98,530.98,531.03,530.98,530.96,530.98,530.99,530.98,531.04,530.98,531.18,,
64,2014/3/5,530.97,530.97,530.97,530.97,530.98,530.97,530.98,530.97,531.01,530.97,530.96,530.97,531.06,530.97,531.04,530.97,531.18,,
65,2014/3/6,530.97,530.97,530.98,530.97,530.98,530.97,530.98,530.97,531,530.97,530.96,530.97,531.12,530.97,531.04,530.97,531.2,,
66,2014/3/7,530.98,530.98,530.98,530.98,530.98,530.98,530.97,530.98,530.99,530.98,530.95,530.98,531.16,530.98,531.03,530.98,531.16,,
67,2014/3/8,530.98,530.98,530.98,530.98,530.98,530.98,531.06,530.98,530.99,530.98,530.96,530.98,531.12,530.98,531.04,530.98,531.14,,
68,2014/3/9,530.98,530.98,530.98,530.98,530.98,530.98,531.03,530.98,530.99,530.98,530.97,530.98,531.09,530.98,531.05,530.98,531.13,,
69,2014/3/10,530.98,530.98,530.98,530.98,530.97,530.98,531.01,530.98,530.98,530.98,530.96,530.98,531.07,530.98,531.15,530.98,531.2,,
70,2014/3/11,530.98,530.98,530.97,530.98,531.06,530.98,531,530.98,530.98,530.98,530.96,530.98,531.07,530.98,531.22,530.98,531.21,,
71,2014/3/12,530.97,530.97,531.06,530.97,531.03,530.97,530.99,530.97,530.98,530.97,530.96,530.97,531.09,530.97,531.21,530.97,531.19,,
72,2014/3/13,531.06,531.06,531.03,531.06,531.01,531.06,530.99,531.06,530.97,531.06,530.95,531.06,531.06,531.06,531.18,531.06,531.17,,
73,2014/3/14,531.03,531.03,531.01,531.03,531,531.03,530.99,531.03,530.98,531.03,530.95,531.03,531.05,531.03,531.16,531.03,531.17,,
74,2014/3/15,531.01,531.01,531,531.01,530.99,531.01,530.98,531.01,530.97,531.01,530.95,531.01,531.04,531.01,531.13,531.01,531.15,,
75,2014/3/16,531,531,530.99,531,530.99,531,530.98,531,530.97,531,530.94,531,531.04,531,531.12,531,531.16,,
76,2014/3/17,530.99,530.99,530.99,530.99,530.99,530.99,530.98,530.99,530.97,530.99,530.95,530.99,531.04,530.99,531.12,530.99,531.15,,
77,2014/3/18,530.99,530.99,530.99,530.99,530.98,530.99,530.97,530.99,530.97,530.99,530.95,530.99,531.03,530.99,531.11,530.99,531.13,,
78,2014/3/19,530.99,530.99,530.98,530.99,530.98,530.99,530.98,530.99,530.96,530.99,530.94,530.99,531.03,530.99,531.09,530.99,531.11,,
79,2014/3/20,530.98,530.98,530.98,530.98,530.98,530.98,530.97,530.98,530.97,530.98,530.94,530.98,531.05,530.98,531.08,530.98,531.1,,
80,2014/3/21,530.98,530.98,530.98,530.98,530.97,530.98,530.97,530.98,530.99,530.98,530.94,530.98,531.06,530.98,531.08,530.98,531.09,,
81,2014/3/22,530.98,530.98,530.97,530.98,530.98,530.98,530.97,530.98,530.98,530.98,530.94,530.98,531.06,530.98,531.07,530.98,531.09,,
82,2014/3/23,530.97,530.97,530.98,530.97,530.97,530.97,530.97,530.97,530.96,530.97,530.94,530.97,531.11,530.97,531.06,530.97,531.08,,
83,2014/3/24,530.98,530.98,530.97,530.98,530.97,530.98,530.96,530.98,530.96,530.98,530.94,530.98,531.07,530.98,531.06,530.98,531.21,,
84,2014/3/25,530.97,530.97,530.97,530.97,530.97,530.97,530.97,530.97,530.96,530.97,530.95,530.97,531.06,530.97,531.05,530.97,531.02,,
85,2014/3/26,530.97,530.97,530.97,530.97,530.97,530.97,530.99,530.97,530.96,530.97,530.94,530.97,531.08,530.97,531.06,530.97,531.53,,
86,2014/3/27,530.97,530.97,530.97,530.97,530.96,530.97,530.98,530.97,530.95,530.97,530.94,530.97,531.06,530.97,531.06,530.97,531.37,,
87,2014/3/28,530.97,530.97,530.96,530.97,530.97,530.97,530.96,530.97,530.96,530.97,530.95,530.97,531.05,530.97,531.06,530.97,531.3,,
88,2014/3/29,530.96,530.96,530.97,530.96,530.99,530.96,530.96,530.96,530.97,530.96,530.94,530.96,531.04,530.96,531.05,530.96,531.24,,
89,2014/3/30,530.97,530.97,530.99,530.97,530.98,530.97,530.96,530.97,530.96,530.97,530.94,530.97,531.08,530.97,531.06,530.97,531.21,,
90,2014/3/31,530.99,530.99,530.98,530.99,530.96,530.99,530.96,530.99,530.96,530.99,530.94,530.99,531.08,530.99,531.09,530.99,531.18,,
91,2014/4/1,530.98,530.98,530.96,530.98,530.96,530.98,530.95,530.98,530.96,530.98,530.98,530.98,531.06,530.98,531.23,530.98,531.16,,
92,2014/4/2,530.96,530.96,530.96,530.96,530.96,530.96,530.96,530.96,530.95,530.96,530.98,530.96,531.05,530.96,531.24,530.96,531.14,,
93,2014/4/3,530.96,530.96,530.96,530.96,530.96,530.96,530.97,530.96,530.95,530.96,530.99,530.96,531.04,530.96,531.18,530.96,531.13,,
94,2014/4/4,530.96,530.96,530.96,530.96,530.95,530.96,530.96,530.96,530.95,530.96,531.06,530.96,531.04,530.96,531.18,530.96,531.11,,
95,2014/4/5,530.96,530.96,530.95,530.96,530.96,530.96,530.96,530.96,530.94,530.96,531.12,530.96,531.04,530.96,531.2,530.96,531.11,,
96,2014/4/6,530.95,530.95,530.96,530.95,530.97,530.95,530.96,530.95,530.95,530.95,531.16,530.95,531.03,530.95,531.16,530.95,531.09,,
97,2014/4/7,530.96,530.96,530.97,530.96,530.96,530.96,530.95,530.96,530.95,530.96,531.12,530.96,531.04,530.96,531.14,530.96,531.09,,
98,2014/4/8,530.97,530.97,530.96,530.97,530.96,530.97,530.95,530.97,530.94,530.97,531.09,530.97,531.05,530.97,531.13,530.97,531.08,,
99,2014/4/9,530.96,530.96,530.96,530.96,530.96,530.96,530.95,530.96,530.94,530.96,531.07,530.96,531.15,530.96,531.2,530.96,531.07,,
100,2014/4/10,530.96,530.96,530.96,530.96,530.95,530.96,530.94,530.96,530.94,530.96,531.07,530.96,531.22,530.96,531.21,530.96,531.06,,
101,2014/4/11,530.96,530.96,530.95,530.96,530.95,530.96,530.95,530.96,530.94,530.96,531.09,530.96,531.21,530.96,531.19,530.96,531.06,,
102,2014/4/12,530.95,530.95,530.95,530.95,530.95,530.95,530.95,530.95,530.94,530.95,531.06,530.95,531.18,530.95,531.17,530.95,531.05,,
103,2014/4/13,530.95,530.95,530.95,530.95,530.94,530.95,530.94,530.95,530.94,530.95,531.05,530.95,531.16,530.95,531.17,530.95,531.05,,
104,2014/4/14,530.95,530.95,530.94,530.95,530.95,530.95,530.94,530.95,530.95,530.95,531.04,530.95,531.13,530.95,531.15,530.95,531.04,,
105,2014/4/15,530.94,530.94,530.95,530.94,530.95,530.94,530.94,530.94,530.94,530.94,531.04,530.94,531.12,530.94,531.16,530.94,531.07,,
106,2014/4/16,530.95,530.95,530.95,530.95,530.94,530.95,530.94,530.95,530.94,530.95,531.04,530.95,531.12,530.95,531.15,530.95,531.06,,
107,2014/4/17,530.95,530.95,530.94,530.95,530.94,530.95,530.94,530.95,530.95,530.95,531.03,530.95,531.11,530.95,531.13,530.95,531.04,,
108,2014/4/18,530.94,530.94,530.94,530.94,530.94,530.94,530.94,530.94,530.94,530.94,531.03,530.94,531.09,530.94,531.11,530.94,531.03,,
109,2014/4/19,530.94,530.94,530.94,530.94,530.94,530.94,530.95,530.94,530.94,530.94,531.05,530.94,531.08,530.94,531.1,530.94,531.03,,
110,2014/4/20,530.94,530.94,530.94,530.94,530.94,530.94,530.94,530.94,530.94,530.94,531.06,530.94,531.08,530.94,531.09,530.94,531.02,,
111,2014/4/21,530.94,530.94,530.94,530.94,530.94,530.94,530.94,530.94,530.98,530.94,531.06,530.94,531.07,530.94,531.09,530.94,531.04,,
112,2014/4/22,530.94,530.94,530.94,530.94,530.95,530.94,530.95,530.94,530.98,530.94,531.11,530.94,531.06,530.94,531.08,530.94,531.07,,
113,2014/4/23,530.94,530.94,530.95,530.94,530.94,530.94,530.94,530.94,530.99,530.94,531.07,530.94,531.06,530.94,531.21,530.94,531.04,,
114,2014/4/24,530.95,530.95,530.94,530.95,530.94,530.95,530.94,530.95,531.06,530.95,531.06,530.95,531.05,530.95,531.02,530.95,531.03,,
115,2014/4/25,530.94,530.94,530.94,530.94,530.95,530.94,530.94,530.94,531.12,530.94,531.08,530.94,531.06,530.94,531.53,530.94,531.02,,
116,2014/4/26,530.94,530.94,530.95,530.94,530.94,530.94,530.98,530.94,531.16,530.94,531.06,530.94,531.06,530.94,531.37,530.94,531.01,,
117,2014/4/27,530.95,530.95,530.94,530.95,530.94,530.95,530.98,530.95,531.12,530.95,531.05,530.95,531.06,530.95,531.3,530.95,531.01,,
118,2014/4/28,530.94,530.94,530.94,530.94,530.94,530.94,530.99,530.94,531.09,530.94,531.04,530.94,531.05,530.94,531.24,530.94,531,,
119,2014/4/29,530.94,530.94,530.94,530.94,530.98,530.94,531.06,530.94,531.07,530.94,531.08,530.94,531.06,530.94,531.21,530.94,531,,
120,2014/4/30,530.94,530.94,530.98,530.94,530.98,530.94,531.12,530.94,531.07,530.94,531.08,530.94,531.09,530.94,531.18,530.94,531,,
121,2014/5/1,530.98,530.98,530.98,530.98,530.99,530.98,531.16,530.98,531.09,530.98,531.06,530.98,531.23,530.98,531.16,530.98,530.99,,
122,2014/5/2,530.98,530.98,530.99,530.98,531.06,530.98,531.12,530.98,531.06,530.98,531.05,530.98,531.24,530.98,531.14,530.98,530.99,,
123,2014/5/3,530.99,530.99,531.06,530.99,531.12,530.99,531.09,530.99,531.05,530.99,531.04,530.99,531.18,530.99,531.13,530.99,530.99,,
124,2014/5/4,531.06,531.06,531.12,531.06,531.16,531.06,531.07,531.06,531.04,531.06,531.04,531.06,531.18,531.06,531.11,531.06,530.98,,
125,2014/5/5,531.12,531.12,531.16,531.12,531.12,531.12,531.07,531.12,531.04,531.12,531.04,531.12,531.2,531.12,531.11,531.12,530.98,,
126,2014/5/6,531.16,531.16,531.12,531.16,531.09,531.16,531.09,531.16,531.04,531.16,531.03,531.16,531.16,531.16,531.09,531.16,530.98,,
127,2014/5/7,531.12,531.12,531.09,531.12,531.07,531.12,531.06,531.12,531.03,531.12,531.04,531.12,531.14,531.12,531.09,531.12,530.97,,
128,2014/5/8,531.09,531.09,531.07,531.09,531.07,531.09,531.05,531.09,531.03,531.09,531.05,531.09,531.13,531.09,531.08,531.09,530.97,,
129,2014/5/9,531.07,531.07,531.07,531.07,531.09,531.07,531.04,531.07,531.05,531.07,531.15,531.07,531.2,531.07,531.07,531.07,530.96,,
130,2014/5/10,531.07,531.07,531.09,531.07,531.06,531.07,531.04,531.07,531.06,531.07,531.22,531.07,531.21,531.07,531.06,531.07,530.96,,
131,2014/5/11,531.09,531.09,531.06,531.09,531.05,531.09,531.04,531.09,531.06,531.09,531.21,531.09,531.19,531.09,531.06,531.09,530.96,,
132,2014/5/12,531.06,531.06,531.05,531.06,531.04,531.06,531.03,531.06,531.11,531.06,531.18,531.06,531.17,531.06,531.05,531.06,530.95,,
133,2014/5/13,531.05,531.05,531.04,531.05,531.04,531.05,531.03,531.05,531.07,531.05,531.16,531.05,531.17,531.05,531.05,531.05,530.96,,
134,2014/5/14,531.04,531.04,531.04,531.04,531.04,531.04,531.05,531.04,531.06,531.04,531.13,531.04,531.15,531.04,531.04,531.04,530.96,,
135,2014/5/15,531.04,531.04,531.04,531.04,531.03,531.04,531.06,531.04,531.08,531.04,531.12,531.04,531.16,531.04,531.07,531.04,530.97,,
136,2014/5/16,531.04,531.04,531.03,531.04,531.03,531.04,531.06,531.04,531.06,531.04,531.12,531.04,531.15,531.04,531.06,531.04,530.99,,
137,2014/5/17,531.03,531.03,531.03,531.03,531.05,531.03,531.11,531.03,531.05,531.03,531.11,531.03,531.13,531.03,531.04,531.03,530.96,,
138,2014/5/18,531.03,531.03,531.05,531.03,531.06,531.03,531.07,531.03,531.04,531.03,531.09,531.03,531.11,531.03,531.03,531.03,530.95,,
139,2014/5/19,531.05,531.05,531.06,531.05,531.06,531.05,531.06,531.05,531.08,531.05,531.08,531.05,531.1,531.05,531.03,531.05,530.94,,
140,2014/5/20,531.06,531.06,531.06,531.06,531.11,531.06,531.08,531.06,531.08,531.06,531.08,531.06,531.09,531.06,531.02,531.06,530.94,,
141,2014/5/21,531.06,531.06,531.11,531.06,531.07,531.06,531.06,531.06,531.06,531.06,531.07,531.06,531.09,531.06,531.04,531.06,530.93,,
142,2014/5/22,531.11,531.11,531.07,531.11,531.06,531.11,531.05,531.11,531.05,531.11,531.06,531.11,531.08,531.11,531.07,531.11,530.93,,
143,2014/5/23,531.07,531.07,531.06,531.07,531.08,531.07,531.04,531.07,531.04,531.07,531.06,531.07,531.21,531.07,531.04,531.07,530.93,,
144,2014/5/24,531.06,531.06,531.08,531.06,531.06,531.06,531.08,531.06,531.04,531.06,531.05,531.06,531.02,531.06,531.03,531.06,530.95,,
145,2014/5/25,531.08,531.08,531.06,531.08,531.05,531.08,531.08,531.08,531.04,531.08,531.06,531.08,531.53,531.08,531.02,531.08,531.08,,
146,2014/5/26,531.06,531.06,531.05,531.06,531.04,531.06,531.06,531.06,531.03,531.06,531.06,531.06,531.37,531.06,531.01,531.06,531,,
147,2014/5/27,531.05,531.05,531.04,531.05,531.08,531.05,531.05,531.05,531.04,531.05,531.06,531.05,531.3,531.05,531.01,531.05,531.09,,
148,2014/5/28,531.04,531.04,531.08,531.04,531.08,531.04,531.04,531.04,531.05,531.04,531.05,531.04,531.24,531.04,531,531.04,531.15,,
149,2014/5/29,531.08,531.08,531.08,531.08,531.06,531.08,531.04,531.08,531.15,531.08,531.06,531.08,531.21,531.08,531,531.08,531.07,,
150,2014/5/30,531.08,531.08,531.06,531.08,531.05,531.08,531.04,531.08,531.22,531.08,531.09,531.08,531.18,531.08,531,531.08,531.04,,
151,2014/5/31,531.06,531.06,531.05,531.06,531.04,531.06,531.03,531.06,531.21,531.06,531.23,531.06,531.16,531.06,530.99,531.06,531.02,,
152,2014/6/1,531.05,531.05,531.04,531.05,531.04,531.05,531.04,531.05,531.18,531.05,531.24,531.05,531.14,531.05,530.99,531.05,531.01,,
153,2014/6/2,531.04,531.04,531.04,531.04,531.04,531.04,531.05,531.04,531.16,531.04,531.18,531.04,531.13,531.04,530.99,531.04,531,,
154,2014/6/3,531.04,531.04,531.04,531.04,531.03,531.04,531.15,531.04,531.13,531.04,531.18,531.04,531.11,531.04,530.98,531.04,530.99,,
155,2014/6/4,531.04,531.04,531.03,531.04,531.04,531.04,531.22,531.04,531.12,531.04,531.2,531.04,531.11,531.04,530.98,531.04,530.99,,
156,2014/6/5,531.03,531.03,531.04,531.03,531.05,531.03,531.21,531.03,531.12,531.03,531.16,531.03,531.09,531.03,530.98,531.03,530.99,,
157,2014/6/6,531.04,531.04,531.05,531.04,531.15,531.04,531.18,531.04,531.11,531.04,531.14,531.04,531.09,531.04,530.97,531.04,530.98,,
158,2014/6/7,531.05,531.05,531.15,531.05,531.22,531.05,531.16,531.05,531.09,531.05,531.13,531.05,531.08,531.05,530.97,531.05,530.98,,
159,2014/6/8,531.15,531.15,531.22,531.15,531.21,531.15,531.13,531.15,531.08,531.15,531.2,531.15,531.07,531.15,530.96,531.15,530.97,,
160,2014/6/9,531.22,531.22,531.21,531.22,531.18,531.22,531.12,531.22,531.08,531.22,531.21,531.22,531.06,531.22,530.96,531.22,530.96,,
161,2014/6/10,531.21,531.21,531.18,531.21,531.16,531.21,531.12,531.21,531.07,531.21,531.19,531.21,531.06,531.21,530.96,531.21,530.96,,
162,2014/6/11,531.18,531.18,531.16,531.18,531.13,531.18,531.11,531.18,531.06,531.18,531.17,531.18,531.05,531.18,530.95,531.18,530.96,,
163,2014/6/12,531.16,531.16,531.13,531.16,531.12,531.16,531.09,531.16,531.06,531.16,531.17,531.16,531.05,531.16,530.96,531.16,530.96,,
164,2014/6/13,531.13,531.13,531.12,531.13,531.12,531.13,531.08,531.13,531.05,531.13,531.15,531.13,531.04,531.13,530.96,531.13,531.05,,
165,2014/6/14,531.12,531.12,531.12,531.12,531.11,531.12,531.08,531.12,531.06,531.12,531.16,531.12,531.07,531.12,530.97,531.12,531.13,,
166,2014/6/15,531.12,531.12,531.11,531.12,531.09,531.12,531.07,531.12,531.06,531.12,531.15,531.12,531.06,531.12,530.99,531.12,531.09,,
167,2014/6/16,531.11,531.11,531.09,531.11,531.08,531.11,531.06,531.11,531.06,531.11,531.13,531.11,531.04,531.11,530.96,531.11,531.06,,
168,2014/6/17,531.09,531.09,531.08,531.09,531.08,531.09,531.06,531.09,531.05,531.09,531.11,531.09,531.03,531.09,530.95,531.09,531.03,,
169,2014/6/18,531.08,531.08,531.08,531.08,531.07,531.08,531.05,531.08,531.06,531.08,531.1,531.08,531.03,531.08,530.94,531.08,531.02,,
170,2014/6/19,531.08,531.08,531.07,531.08,531.06,531.08,531.06,531.08,531.09,531.08,531.09,531.08,531.02,531.08,530.94,531.08,531.01,,
171,2014/6/20,531.07,531.07,531.06,531.07,531.06,531.07,531.06,531.07,531.23,531.07,531.09,531.07,531.04,531.07,530.93,531.07,531,,
172,2014/6/21,531.06,531.06,531.06,531.06,531.05,531.06,531.06,531.06,531.24,531.06,531.08,531.06,531.07,531.06,530.93,531.06,531,,
173,2014/6/22,531.06,531.06,531.05,531.06,531.06,531.06,531.05,531.06,531.18,531.06,531.21,531.06,531.04,531.06,530.93,531.06,530.99,,
174,2014/6/23,531.05,531.05,531.06,531.05,531.06,531.05,531.06,531.05,531.18,531.05,531.02,531.05,531.03,531.05,530.95,531.05,530.99,,
175,2014/6/24,531.06,531.06,531.06,531.06,531.06,531.06,531.09,531.06,531.2,531.06,531.53,531.06,531.02,531.06,531.08,531.06,530.98,,
176,2014/6/25,531.06,531.06,531.06,531.06,531.05,531.06,531.23,531.06,531.16,531.06,531.37,531.06,531.01,531.06,531,531.06,530.98,,
177,2014/6/26,531.06,531.06,531.05,531.06,531.06,531.06,531.24,531.06,531.14,531.06,531.3,531.06,531.01,531.06,531.09,531.06,530.98,,
178,2014/6/27,531.05,531.05,531.06,531.05,531.09,531.05,531.18,531.05,531.13,531.05,531.24,531.05,531,531.05,531.15,531.05,530.97,,
179,2014/6/28,531.06,531.06,531.09,531.06,531.23,531.06,531.18,531.06,531.2,531.06,531.21,531.06,531,531.06,531.07,531.06,530.96,,
180,2014/6/29,531.09,531.09,531.23,531.09,531.24,531.09,531.2,531.09,531.21,531.09,531.18,531.09,531,531.09,531.04,531.09,530.96,,
181,2014/6/30,531.23,531.23,531.24,531.23,531.18,531.23,531.16,531.23,531.19,531.23,531.16,531.23,530.99,531.23,531.02,531.23,530.96,,
182,2014/7/1,531.24,531.24,531.18,531.24,531.18,531.24,531.14,531.24,531.17,531.24,531.14,531.24,530.99,531.24,531.01,531.24,530.96,,
183,2014/7/2,531.18,531.18,531.18,531.18,531.2,531.18,531.13,531.18,531.17,531.18,531.13,531.18,530.99,531.18,531,531.18,530.96,,
184,2014/7/3,531.18,531.18,531.2,531.18,531.16,531.18,531.2,531.18,531.15,531.18,531.11,531.18,530.98,531.18,530.99,531.18,530.95,,
185,2014/7/4,531.2,531.2,531.16,531.2,531.14,531.2,531.21,531.2,531.16,531.2,531.11,531.2,530.98,531.2,530.99,531.2,530.94,,
186,2014/7/5,531.16,531.16,531.14,531.16,531.13,531.16,531.19,531.16,531.15,531.16,531.09,531.16,530.98,531.16,530.99,531.16,530.94,,
187,2014/7/6,531.14,531.14,531.13,531.14,531.2,531.14,531.17,531.14,531.13,531.14,531.09,531.14,530.97,531.14,530.98,531.14,530.95,,
188,2014/7/7,531.13,531.13,531.2,531.13,531.21,531.13,531.17,531.13,531.11,531.13,531.08,531.13,530.97,531.13,530.98,531.13,530.94,,
189,2014/7/8,531.2,531.2,531.21,531.2,531.19,531.2,531.15,531.2,531.1,531.2,531.07,531.2,530.96,531.2,530.97,531.2,530.94,,
190,2014/7/9,531.21,531.21,531.19,531.21,531.17,531.21,531.16,531.21,531.09,531.21,531.06,531.21,530.96,531.21,530.96,531.21,530.94,,
191,2014/7/10,531.19,531.19,531.17,531.19,531.17,531.19,531.15,531.19,531.09,531.19,531.06,531.19,530.96,531.19,530.96,531.19,530.93,,
192,2014/7/11,531.17,531.17,531.17,531.17,531.15,531.17,531.13,531.17,531.08,531.17,531.05,531.17,530.95,531.17,530.96,531.17,530.94,,
193,2014/7/12,531.17,531.17,531.15,531.17,531.16,531.17,531.11,531.17,531.21,531.17,531.05,531.17,530.96,531.17,530.96,531.17,530.93,,
194,2014/7/13,531.15,531.15,531.16,531.15,531.15,531.15,531.1,531.15,531.02,531.15,531.04,531.15,530.96,531.15,531.05,531.15,530.94,,
195,2014/7/14,531.16,531.16,531.15,531.16,531.13,531.16,531.09,531.16,531.53,531.16,531.07,531.16,530.97,531.16,531.13,531.16,530.94,,
196,2014/7/15,531.15,531.15,531.13,531.15,531.11,531.15,531.09,531.15,531.37,531.15,531.06,531.15,530.99,531.15,531.09,531.15,530.93,,
197,2014/7/16,531.13,531.13,531.11,531.13,531.1,531.13,531.08,531.13,531.3,531.13,531.04,531.13,530.96,531.13,531.06,531.13,530.94,,
198,2014/7/17,531.11,531.11,531.1,531.11,531.09,531.11,531.21,531.11,531.24,531.11,531.03,531.11,530.95,531.11,531.03,531.11,530.97,,
199,2014/7/18,531.1,531.1,531.09,531.1,531.09,531.1,531.02,531.1,531.21,531.1,531.03,531.1,530.94,531.1,531.02,531.1,530.99,,
200,2014/7/19,531.09,531.09,531.09,531.09,531.08,531.09,531.53,531.09,531.18,531.09,531.02,531.09,530.94,531.09,531.01,531.09,530.99,,
201,2014/7/20,531.09,531.09,531.08,531.09,531.21,531.09,531.37,531.09,531.16,531.09,531.04,531.09,530.93,531.09,531,531.09,531.03,,
202,2014/7/21,531.08,531.08,531.21,531.08,531.02,531.08,531.3,531.08,531.14,531.08,531.07,531.08,530.93,531.08,531,531.08,531.1,,
203,2014/7/22,531.21,531.21,531.02,531.21,531.53,531.21,531.24,531.21,531.13,531.21,531.04,531.21,530.93,531.21,530.99,531.21,531.06,,
204,2014/7/23,531.02,531.02,531.53,531.02,531.37,531.02,531.21,531.02,531.11,531.02,531.03,531.02,530.95,531.02,530.99,531.02,531.03,,
205,2014/7/24,531.53,531.53,531.37,531.53,531.3,531.53,531.18,531.53,531.11,531.53,531.02,531.53,531.08,531.53,530.98,531.53,531.01,,
206,2014/7/25,531.37,531.37,531.3,531.37,531.24,531.37,531.16,531.37,531.09,531.37,531.01,531.37,531,531.37,530.98,531.37,530.99,,
207,2014/7/26,531.3,531.3,531.24,531.3,531.21,531.3,531.14,531.3,531.09,531.3,531.01,531.3,531.09,531.3,530.98,531.3,530.98,,
208,2014/7/27,531.24,531.24,531.21,531.24,531.18,531.24,531.13,531.24,531.08,531.24,531,531.24,531.15,531.24,530.97,531.24,530.98,,
209,2014/7/28,531.21,531.21,531.18,531.21,531.16,531.21,531.11,531.21,531.07,531.21,531,531.21,531.07,531.21,530.96,531.21,530.97,,
210,2014/7/29,531.18,531.18,531.16,531.18,531.14,531.18,531.11,531.18,531.06,531.18,531,531.18,531.04,531.18,530.96,531.18,530.96,,
211,2014/7/30,531.16,531.16,531.14,531.16,531.13,531.16,531.09,531.16,531.06,531.16,530.99,531.16,531.02,531.16,530.96,531.16,530.96,,
212,2014/7/31,531.14,531.14,531.13,531.14,531.11,531.14,531.09,531.14,531.05,531.14,530.99,531.14,531.01,531.14,530.96,531.14,530.95,,
213,2014/8/1,531.13,531.13,531.11,531.13,531.11,531.13,531.08,531.13,531.05,531.13,530.99,531.13,531,531.13,530.96,531.13,530.94,,
214,2014/8/2,531.11,531.11,531.11,531.11,531.09,531.11,531.07,531.11,531.04,531.11,530.98,531.11,530.99,531.11,530.95,531.11,530.94,,
215,2014/8/3,531.11,531.11,531.09,531.11,531.09,531.11,531.06,531.11,531.07,531.11,530.98,531.11,530.99,531.11,530.94,531.11,530.94,,
216,2014/8/4,531.09,531.09,531.09,531.09,531.08,531.09,531.06,531.09,531.06,531.09,530.98,531.09,530.99,531.09,530.94,531.09,530.96,,
217,2014/8/5,531.09,531.09,531.08,531.09,531.07,531.09,531.05,531.09,531.04,531.09,530.97,531.09,530.98,531.09,530.95,531.09,530.95,,
218,2014/8/6,531.08,531.08,531.07,531.08,531.06,531.08,531.05,531.08,531.03,531.08,530.97,531.08,530.98,531.08,530.94,531.08,530.96,,
219,2014/8/7,531.07,531.07,531.06,531.07,531.06,531.07,531.04,531.07,531.03,531.07,530.96,531.07,530.97,531.07,530.94,531.07,530.96,,
220,2014/8/8,531.06,531.06,531.06,531.06,531.05,531.06,531.07,531.06,531.02,531.06,530.96,531.06,530.96,531.06,530.94,531.06,530.94,,
221,2014/8/9,531.06,531.06,531.05,531.06,531.05,531.06,531.06,531.06,531.04,531.06,530.96,531.06,530.96,531.06,530.93,531.06,530.94,,
222,2014/8/10,531.05,531.05,531.05,531.05,531.04,531.05,531.04,531.05,531.07,531.05,530.95,531.05,530.96,531.05,530.94,531.05,530.93,,
223,2014/8/11,531.05,531.05,531.04,531.05,531.07,531.05,531.03,531.05,531.04,531.05,530.96,531.05,530.96,531.05,530.93,531.05,531,,
224,2014/8/12,531.04,531.04,531.07,531.04,531.06,531.04,531.03,531.04,531.03,531.04,530.96,531.04,531.05,531.04,530.94,531.04,531,,
225,2014/8/13,531.07,531.07,531.06,531.07,531.04,531.07,531.02,531.07,531.02,531.07,530.97,531.07,531.13,531.07,530.94,531.07,530.98,,
226,2014/8/14,531.06,531.06,531.04,531.06,531.03,531.06,531.04,531.06,531.01,531.06,530.99,531.06,531.09,531.06,530.93,531.06,530.98,,
227,2014/8/15,531.04,531.04,531.03,531.04,531.03,531.04,531.07,531.04,531.01,531.04,530.96,531.04,531.06,531.04,530.94,531.04,530.97,,
228,2014/8/16,531.03,531.03,531.03,531.03,531.02,531.03,531.04,531.03,531,531.03,530.95,531.03,531.03,531.03,530.97,531.03,530.96,,
229,2014/8/17,531.03,531.03,531.02,531.03,531.04,531.03,531.03,531.03,531,531.03,530.94,531.03,531.02,531.03,530.99,531.03,530.96,,
230,2014/8/18,531.02,531.02,531.04,531.02,531.07,531.02,531.02,531.02,531,531.02,530.94,531.02,531.01,531.02,530.99,531.02,530.96,,
231,2014/8/19,531.04,531.04,531.07,531.04,531.04,531.04,531.01,531.04,530.99,531.04,530.93,531.04,531,531.04,531.03,531.04,530.95,,
232,2014/8/20,531.07,531.07,531.04,531.07,531.03,531.07,531.01,531.07,530.99,531.07,530.93,531.07,531,531.07,531.1,531.07,530.94,,
233,2014/8/21,531.04,531.04,531.03,531.04,531.02,531.04,531,531.04,530.99,531.04,530.93,531.04,530.99,531.04,531.06,531.04,530.94,,
234,2014/8/22,531.03,531.03,531.02,531.03,531.01,531.03,531,531.03,530.98,531.03,530.95,531.03,530.99,531.03,531.03,531.03,530.94,,
235,2014/8/23,531.02,531.02,531.01,531.02,531.01,531.02,531,531.02,530.98,531.02,531.08,531.02,530.98,531.02,531.01,531.02,530.93,,
236,2014/8/24,531.01,531.01,531.01,531.01,531,531.01,530.99,531.01,530.98,531.01,531,531.01,530.98,531.01,530.99,531.01,530.93,,
237,2014/8/25,531.01,531.01,531,531.01,531,531.01,530.99,531.01,530.97,531.01,531.09,531.01,530.98,531.01,530.98,531.01,530.93,,
238,2014/8/26,531,531,531,531,531,531,530.99,531,530.97,531,531.15,531,530.97,531,530.98,531,530.93,,
239,2014/8/27,531,531,531,531,530.99,531,530.98,531,530.96,531,531.07,531,530.96,531,530.97,531,530.93,,
240,2014/8/28,531,531,530.99,531,530.99,531,530.98,531,530.96,531,531.04,531,530.96,531,530.96,531,530.93,,
241,2014/8/29,530.99,530.99,530.99,530.99,530.99,530.99,530.98,530.99,530.96,530.99,531.02,530.99,530.96,530.99,530.96,530.99,530.94,,
242,2014/8/30,530.99,530.99,530.99,530.99,530.98,530.99,530.97,530.99,530.95,530.99,531.01,530.99,530.96,530.99,530.95,530.99,531.01,,
243,2014/8/31,530.99,530.99,530.98,530.99,530.98,530.99,530.97,530.99,530.96,530.99,531,530.99,530.96,530.99,530.94,530.99,530.98,,
244,2014/9/1,530.98,530.98,530.98,530.98,530.98,530.98,530.96,530.98,530.96,530.98,530.99,530.98,530.95,530.98,530.94,530.98,530.96,,
245,2014/9/2,530.98,530.98,530.98,530.98,530.97,530.98,530.96,530.98,530.97,530.98,530.99,530.98,530.94,530.98,530.94,530.98,530.95,,
246,2014/9/3,530.98,530.98,530.97,530.98,530.97,530.98,530.96,530.98,530.99,530.98,530.99,530.98,530.94,530.98,530.96,530.98,530.94,,
247,2014/9/4,530.97,530.97,530.97,530.97,530.96,530.97,530.95,530.97,530.96,530.97,530.98,530.97,530.95,530.97,530.95,,,,
248,2014/9/5,530.97,530.97,530.96,530.97,530.96,530.97,530.96,530.97,530.95,530.97,530.98,530.97,530.94,530.97,530.96,,,,
249,2014/9/6,530.96,530.96,530.96,530.96,530.96,530.96,530.96,530.96,530.94,530.96,530.97,530.96,530.94,530.96,530.96,,,,
250,2014/9/7,530.96,530.96,530.96,530.96,530.95,530.96,530.97,530.96,530.94,530.96,530.96,530.96,530.94,530.96,530.94,,,,
251,2014/9/8,530.96,530.96,530.95,530.96,530.96,530.96,530.99,530.96,530.93,530.96,530.96,530.96,530.93,530.96,530.94,,,,
252,2014/9/9,530.95,530.95,530.96,530.95,530.96,530.95,530.96,530.95,530.93,530.95,530.96,530.95,530.94,530.95,530.93,,,,
253,2014/9/10,530.96,530.96,530.96,530.96,530.97,530.96,530.95,530.96,530.93,530.96,530.96,530.96,530.93,530.96,531,,,,
254,2014/9/11,530.96,530.96,530.97,530.96,530.99,530.96,530.94,530.96,530.95,530.96,531.05,530.96,530.94,530.96,531,,,,
255,2014/9/12,530.97,530.97,530.99,530.97,530.96,530.97,530.94,530.97,531.08,530.97,531.13,530.97,530.94,530.97,530.98,,,,
256,2014/9/13,530.99,530.99,530.96,530.99,530.95,530.99,530.93,530.99,531,530.99,531.09,530.99,530.93,530.99,530.98,,,,
257,2014/9/14,530.96,530.96,530.95,530.96,530.94,530.96,530.93,530.96,531.09,530.96,531.06,530.96,530.94,530.96,530.97,,,,
258,2014/9/15,530.95,530.95,530.94,530.95,530.94,530.95,530.93,530.95,531.15,530.95,531.03,530.95,530.97,530.95,530.96,,,,
259,2014/9/16,530.94,530.94,530.94,530.94,530.93,530.94,530.95,530.94,531.07,530.94,531.02,530.94,530.99,530.94,530.96,,,,
260,2014/9/17,530.94,530.94,530.93,530.94,530.93,530.94,531.08,530.94,531.04,530.94,531.01,530.94,530.99,530.94,530.96,,,,
261,2014/9/18,530.93,530.93,530.93,530.93,530.93,530.93,531,530.93,531.02,530.93,531,530.93,531.03,530.93,530.95,,,,
262,2014/9/19,530.93,530.93,530.93,530.93,530.95,530.93,531.09,530.93,531.01,530.93,531,530.93,531.1,530.93,530.94,,,,
263,2014/9/20,530.93,530.93,530.95,530.93,531.08,530.93,531.15,530.93,531,530.93,530.99,530.93,531.06,530.93,530.94,,,,
264,2014/9/21,530.95,530.95,531.08,530.95,531,530.95,531.07,530.95,530.99,530.95,530.99,530.95,531.03,530.95,530.94,,,,
265,2014/9/22,531.08,531.08,531,531.08,531.09,531.08,531.04,531.08,530.99,531.08,530.98,531.08,531.01,531.08,530.93,,,,
266,2014/9/23,531,531,531.09,531,531.15,531,531.02,531,530.99,531,530.98,531,530.99,531,530.93,,,,
267,2014/9/24,531.09,531.09,531.15,531.09,531.07,531.09,531.01,531.09,530.98,531.09,530.98,531.09,530.98,531.09,530.93,,,,
268,2014/9/25,531.15,531.15,531.07,531.15,531.04,531.15,531,531.15,530.98,531.15,530.97,531.15,530.98,531.15,530.93,,,,
269,2014/9/26,531.07,531.07,531.04,531.07,531.02,531.07,530.99,531.07,530.97,531.07,530.96,531.07,530.97,531.07,530.93,,,,
270,2014/9/27,531.04,531.04,531.02,531.04,531.01,531.04,530.99,531.04,530.96,531.04,530.96,531.04,530.96,531.04,530.93,,,,
271,2014/9/28,531.02,531.02,531.01,531.02,531,531.02,530.99,531.02,530.96,531.02,530.96,531.02,530.96,531.02,530.94,,,,
272,2014/9/29,531.01,531.01,531,531.01,530.99,531.01,530.98,531.01,530.96,531.01,530.96,531.01,530.95,531.01,531.01,,,,
273,2014/9/30,531,531,530.99,531,530.99,531,530.98,531,530.96,531,530.96,531,530.94,531,530.98,,,,
274,2014/10/1,530.99,530.99,530.99,530.99,530.99,530.99,530.97,530.99,531.05,530.99,530.95,530.99,530.94,530.99,530.96,,,,
275,2014/10/2,530.99,530.99,530.99,530.99,530.98,530.99,530.96,530.99,531.13,530.99,530.94,530.99,530.94,530.99,530.95,,,,
276,2014/10/3,530.99,530.99,530.98,530.99,530.98,530.99,530.96,530.99,531.09,530.99,530.94,530.99,530.96,530.99,530.94,,,,
277,2014/10/4,530.98,530.98,530.98,530.98,530.97,530.98,530.96,530.98,531.06,530.98,530.95,530.98,530.95,,,,,,
278,2014/10/5,530.98,530.98,530.97,530.98,530.96,530.98,530.96,530.98,531.03,530.98,530.94,530.98,530.96,,,,,,
279,2014/10/6,530.97,530.97,530.96,530.97,530.96,530.97,531.05,530.97,531.02,530.97,530.94,530.97,530.96,,,,,,
280,2014/10/7,530.96,530.96,530.96,530.96,530.96,530.96,531.13,530.96,531.01,530.96,530.94,530.96,530.94,,,,,,
281,2014/10/8,530.96,530.96,530.96,530.96,530.96,530.96,531.09,530.96,531,530.96,530.93,530.96,530.94,,,,,,
282,2014/10/9,530.96,530.96,530.96,530.96,531.05,530.96,531.06,530.96,531,530.96,530.94,530.96,530.93,,,,,,
283,2014/10/10,530.96,530.96,531.05,530.96,531.13,530.96,531.03,530.96,530.99,530.96,530.93,530.96,531,,,,,,
284,2014/10/11,531.05,531.05,531.13,531.05,531.09,531.05,531.02,531.05,530.99,531.05,530.94,531.05,531,,,,,,
285,2014/10/12,531.13,531.13,531.09,531.13,531.06,531.13,531.01,531.13,530.98,531.13,530.94,531.13,530.98,,,,,,
286,2014/10/13,531.09,531.09,531.06,531.09,531.03,531.09,531,531.09,530.98,531.09,530.93,531.09,530.98,,,,,,
287,2014/10/14,531.06,531.06,531.03,531.06,531.02,531.06,531,531.06,530.98,531.06,530.94,531.06,530.97,,,,,,
288,2014/10/15,531.03,531.03,531.02,531.03,531.01,531.03,530.99,531.03,530.97,531.03,530.97,531.03,530.96,,,,,,
289,2014/10/16,531.02,531.02,531.01,531.02,531,531.02,530.99,531.02,530.96,531.02,530.99,531.02,530.96,,,,,,
290,2014/10/17,531.01,531.01,531,531.01,531,531.01,530.98,531.01,530.96,531.01,530.99,531.01,530.96,,,,,,
291,2014/10/18,531,531,531,531,530.99,531,530.98,531,530.96,531,531.03,531,530.95,,,,,,
292,2014/10/19,531,531,530.99,531,530.99,531,530.98,531,530.96,531,531.1,531,530.94,,,,,,
293,2014/10/20,530.99,530.99,530.99,530.99,530.98,530.99,530.97,530.99,530.96,530.99,531.06,530.99,530.94,,,,,,
294,2014/10/21,530.99,530.99,530.98,530.99,530.98,530.99,530.96,530.99,530.95,530.99,531.03,530.99,530.94,,,,,,
295,2014/10/22,530.98,530.98,530.98,530.98,530.98,530.98,530.96,530.98,530.94,530.98,531.01,530.98,530.93,,,,,,
296,2014/10/23,530.98,530.98,530.98,530.98,530.97,530.98,530.96,530.98,530.94,530.98,530.99,530.98,530.93,,,,,,
297,2014/10/24,530.98,530.98,530.97,530.98,530.96,530.98,530.96,530.98,530.95,530.98,530.98,530.98,530.93,,,,,,
298,2014/10/25,530.97,530.97,530.96,530.97,530.96,530.97,530.96,530.97,530.94,530.97,530.98,530.97,530.93,,,,,,
299,2014/10/26,530.96,530.96,530.96,530.96,530.96,530.96,530.95,530.96,530.94,530.96,530.97,530.96,530.93,,,,,,
300,2014/10/27,530.96,530.96,530.96,530.96,530.96,530.96,530.94,530.96,530.94,530.96,530.96,530.96,530.93,,,,,,
301,2014/10/28,530.96,530.96,530.96,530.96,530.96,530.96,530.94,530.96,530.93,530.96,530.96,530.96,530.94,,,,,,
302,2014/10/29,530.96,530.96,530.96,530.96,530.95,530.96,530.95,530.96,530.94,530.96,530.95,530.96,531.01,,,,,,
303,2014/10/30,530.96,530.96,530.95,530.96,530.94,530.96,530.94,530.96,530.93,530.96,530.94,530.96,530.98,,,,,,
304,2014/10/31,530.95,530.95,530.94,530.95,530.94,530.95,530.94,530.95,530.94,530.95,530.94,530.95,530.96,,,,,,
305,2014/11/1,530.94,530.94,530.94,530.94,530.95,530.94,530.94,530.94,530.94,530.94,530.94,530.94,530.95,,,,,,
306,2014/11/2,530.94,530.94,530.95,530.94,530.94,530.94,530.93,530.94,530.93,530.94,530.96,530.94,530.94,,,,,,
307,2014/11/3,530.95,530.95,530.94,530.95,530.94,530.95,530.94,530.95,530.94,530.95,530.95,,,,,,,,
308,2014/11/4,530.94,530.94,530.94,530.94,530.94,530.94,530.93,530.94,530.97,530.94,530.96,,,,,,,,
309,2014/11/5,530.94,530.94,530.94,530.94,530.93,530.94,530.94,530.94,530.99,530.94,530.96,,,,,,,,
310,2014/11/6,530.94,530.94,530.93,530.94,530.94,530.94,530.94,530.94,530.99,530.94,530.94,,,,,,,,
311,2014/11/7,530.93,530.93,530.94,530.93,530.93,530.93,530.93,530.93,531.03,530.93,530.94,,,,,,,,
312,2014/11/8,530.94,530.94,530.93,530.94,530.94,530.94,530.94,530.94,531.1,530.94,530.93,,,,,,,,
313,2014/11/9,530.93,530.93,530.94,530.93,530.94,530.93,530.97,530.93,531.06,530.93,531,,,,,,,,
314,2014/11/10,530.94,530.94,530.94,530.94,530.93,530.94,530.99,530.94,531.03,530.94,531,,,,,,,,
315,2014/11/11,530.94,530.94,530.93,530.94,530.94,530.94,530.99,530.94,531.01,530.94,530.98,,,,,,,,
316,2014/11/12,530.93,530.93,530.94,530.93,530.97,530.93,531.03,530.93,530.99,530.93,530.98,,,,,,,,
317,2014/11/13,530.94,530.94,530.97,530.94,530.99,530.94,531.1,530.94,530.98,530.94,530.97,,,,,,,,
318,2014/11/14,530.97,530.97,530.99,530.97,530.99,530.97,531.06,530.97,530.98,530.97,530.96,,,,,,,,
319,2014/11/15,530.99,530.99,530.99,530.99,531.03,530.99,531.03,530.99,530.97,530.99,530.96,,,,,,,,
320,2014/11/16,530.99,530.99,531.03,530.99,531.1,530.99,531.01,530.99,530.96,530.99,530.96,,,,,,,,
321,2014/11/17,531.03,531.03,531.1,531.03,531.06,531.03,530.99,531.03,530.96,531.03,530.95,,,,,,,,
322,2014/11/18,531.1,531.1,531.06,531.1,531.03,531.1,530.98,531.1,530.95,531.1,530.94,,,,,,,,
323,2014/11/19,531.06,531.06,531.03,531.06,531.01,531.06,530.98,531.06,530.94,531.06,530.94,,,,,,,,
324,2014/11/20,531.03,531.03,531.01,531.03,530.99,531.03,530.97,531.03,530.94,531.03,530.94,,,,,,,,
325,2014/11/21,531.01,531.01,530.99,531.01,530.98,531.01,530.96,531.01,530.94,531.01,530.93,,,,,,,,
326,2014/11/22,530.99,530.99,530.98,530.99,530.98,530.99,530.96,530.99,530.96,530.99,530.93,,,,,,,,
327,2014/11/23,530.98,530.98,530.98,530.98,530.97,530.98,530.95,530.98,530.95,530.98,530.93,,,,,,,,
328,2014/11/24,530.98,530.98,530.97,530.98,530.96,530.98,530.94,530.98,530.96,530.98,530.93,,,,,,,,
329,2014/11/25,530.97,530.97,530.96,530.97,530.96,530.97,530.94,530.97,530.96,530.97,530.93,,,,,,,,
330,2014/11/26,530.96,530.96,530.96,530.96,530.95,530.96,530.94,530.96,530.94,530.96,530.93,,,,,,,,
331,2014/11/27,530.96,530.96,530.95,530.96,530.94,530.96,530.96,530.96,530.94,530.96,530.94,,,,,,,,
332,2014/11/28,530.95,530.95,530.94,530.95,530.94,530.95,530.95,530.95,530.93,530.95,531.01,,,,,,,,
333,2014/11/29,530.94,530.94,530.94,530.94,530.94,530.94,530.96,530.94,531,530.94,530.98,,,,,,,,
334,2014/11/30,530.94,530.94,530.94,530.94,530.96,530.94,530.96,530.94,531,530.94,530.96,,,,,,,,
335,2014/12/1,530.94,530.94,530.96,530.94,530.95,530.94,530.94,530.94,530.98,530.94,530.95,,,,,,,,
336,2014/12/2,530.96,530.96,530.95,530.96,530.96,530.96,530.94,530.96,530.98,530.96,530.94,,,,,,,,
337,2014/12/3,530.95,530.95,530.96,530.95,530.96,530.95,530.93,530.95,530.97,,,,,,,,,,
338,2014/12/4,530.96,530.96,530.96,530.96,530.94,530.96,531,530.96,530.96,,,,,,,,,,
339,2014/12/5,530.96,530.96,530.94,530.96,530.94,530.96,531,530.96,530.96,,,,,,,,,,
340,2014/12/6,530.94,530.94,530.94,530.94,530.93,530.94,530.98,530.94,530.96,,,,,,,,,,
341,2014/12/7,530.94,530.94,530.93,530.94,531,530.94,530.98,530.94,530.95,,,,,,,,,,
342,2014/12/8,530.93,530.93,531,530.93,531,530.93,530.97,530.93,530.94,,,,,,,,,,
343,2014/12/9,531,531,531,531,530.98,531,530.96,531,530.94,,,,,,,,,,
344,2014/12/10,531,531,530.98,531,530.98,531,530.96,531,530.94,,,,,,,,,,
345,2014/12/11,530.98,530.98,530.98,530.98,530.97,530.98,530.96,530.98,530.93,,,,,,,,,,
346,2014/12/12,530.98,530.98,530.97,530.98,530.96,530.98,530.95,530.98,530.93,,,,,,,,,,
347,2014/12/13,530.97,530.97,530.96,530.97,530.96,530.97,530.94,530.97,530.93,,,,,,,,,,
348,2014/12/14,530.96,530.96,530.96,530.96,530.96,530.96,530.94,530.96,530.93,,,,,,,,,,
349,2014/12/15,530.96,530.96,530.96,530.96,530.95,530.96,530.94,530.96,530.93,,,,,,,,,,
350,2014/12/16,530.96,530.96,530.95,530.96,530.94,530.96,530.93,530.96,530.93,,,,,,,,,,
351,2014/12/17,530.95,530.95,530.94,530.95,530.94,530.95,530.93,530.95,530.94,,,,,,,,,,
352,2014/12/18,530.94,530.94,530.94,530.94,530.94,530.94,530.93,530.94,531.01,,,,,,,,,,
353,2014/12/19,530.94,530.94,530.94,530.94,530.93,530.94,530.93,530.94,530.98,,,,,,,,,,
354,2014/12/20,530.94,530.94,530.93,530.94,530.93,530.94,530.93,530.94,530.96,,,,,,,,,,
355,2014/12/21,530.93,530.93,530.93,530.93,530.93,530.93,530.93,530.93,530.95,,,,,,,,,,
356,2014/12/22,530.93,530.93,530.93,530.93,530.93,530.93,530.94,530.93,530.94,,,,,,,,,,
357,2014/12/23,530.93,530.93,530.93,530.93,530.93,530.93,531.01,,,,,,,,,,,,
358,2014/12/24,530.93,530.93,530.93,530.93,530.93,530.93,530.98,,,,,,,,,,,,
359,2014/12/25,530.93,530.93,530.93,530.93,530.94,530.93,530.96,,,,,,,,,,,,
360,2014/12/26,530.93,530.93,530.94,530.93,531.01,530.93,530.95,,,,,,,,,,,,
361,2014/12/27,530.94,530.94,531.01,530.94,530.98,530.94,530.94,,,,,,,,,,,,
362,2014/12/28,531.01,531.01,530.98,531.01,530.96,,,,,,,,,,,,,,
363,2014/12/29,530.98,530.98,530.96,530.98,530.95,,,,,,,,,,,,,,
364,2014/12/30,530.96,530.96,530.95,530.96,530.94,,,,,,,,,,,,,,
365,2014/12/31,530.95,530.95,530.94,,,,,,,,,,,,,,,,
366,2015/1/1,530.94,,,,,,,,,,,,,,,,,,
